shot_type,elbow_angle,wrist_height,hip_rotation,knee_bend,spine_lean,foot_stance_width,bat_plane,weight_forward
Pull Shot,122.8536,0.7504,56.2062,90.9485,21.3691,1.4638,12.965,0.2053
Cut Shot,84.8811,0.2842,6.6069,117.4356,24.8111,0.6706,4.2087,0.3098
Pull Shot,78.3919,1.0235,67.3476,97.0602,30.0092,1.3256,7.7746,0.2075
Cover Drive,142.4672,0.6837,23.804,148.2931,22.975,0.8115,37.7818,0.5128
Straight Drive,101.4434,0.6114,46.1501,138.0487,38.3433,1.2128,68.7218,0.4956
Cut Shot,89.5368,0.3131,10.5205,134.1616,19.0325,0.4325,11.1803,0.1324
Leg Glance,139.1171,0.0966,15.1118,124.3178,16.5469,0.9131,51.7236,0.6099
Pull Shot,120.0379,0.9712,73.4185,91.3473,10.1648,1.2392,25.2709,0.1829
Cover Drive,105.3647,0.3526,53.0681,119.0871,25.8685,0.8836,52.6951,0.6556
Straight Drive,114.5954,0.709,40.3851,155.4425,27.2171,0.9368,68.4872,0.7895
Pull Shot,85.1647,0.6779,34.2891,116.9012,35.5458,0.4771,27.4161,0.2484
Cover Drive,113.3772,0.8137,43.6693,159.8055,19.4954,0.7306,53.5325,0.6295
Cut Shot,70.1909,0.3979,16.1804,143.3738,19.7081,0.5153,24.4163,0.0
Leg Glance,127.8809,0.1229,31.2419,149.4053,23.0887,1.0742,33.9994,0.3139
Straight Drive,148.7862,0.6473,46.2305,120.7172,27.4944,1.2397,70.0689,0.6575
Cut Shot,91.4315,0.4658,30.9068,93.0833,30.3667,0.6343,25.8228,0.2781
Cut Shot,120.4105,0.3557,35.8558,125.5476,40.5857,0.9697,10.0797,0.3165
Cover Drive,93.3743,0.4503,39.822,134.2925,24.0171,1.2921,22.2488,0.5969
Straight Drive,139.7616,0.5641,36.4324,123.8644,57.6071,0.8586,64.9346,0.7048
Straight Drive,116.9919,0.6662,12.8254,129.0737,47.1273,0.6291,70.968,0.6564
Cover Drive,105.9907,0.3382,54.7844,136.6907,50.9109,0.2132,17.9144,0.6251
Cover Drive,92.5135,0.7579,38.3457,143.3275,23.3512,1.3047,46.1499,0.5557
Cut Shot,118.87,0.283,10.433,109.284,36.6524,0.9088,7.1529,0.2108
Pull Shot,90.2186,0.7583,53.1317,78.1061,33.775,1.4678,12.4823,0.1877
Leg Glance,96.3758,0.3724,25.8689,121.1891,29.3628,0.7451,29.1225,0.5321
Straight Drive,107.2504,0.8226,16.9614,135.9475,27.2795,0.8897,67.4659,0.8134
Straight Drive,130.4208,0.9577,46.4096,117.5391,42.98,1.1769,86.5411,0.5361
Leg Glance,145.6334,0.1867,29.5631,110.5594,27.7483,1.2351,21.3508,0.3607
Cover Drive,97.0967,0.6682,42.2039,113.6289,29.6558,1.1831,48.1345,0.6133
Leg Glance,93.484,0.0169,7.9743,128.7311,46.6979,1.2131,38.2083,0.5326
Cut Shot,77.4526,0.259,4.2184,134.7081,40.8185,0.4513,16.9387,0.1953
Leg Glance,137.874,0.0417,21.002,150.9741,32.5982,0.6658,23.7213,0.325
Cut Shot,70.1739,0.5868,34.5634,114.1949,32.8077,0.8132,22.6849,0.0394
Straight Drive,104.2146,0.9501,16.9082,115.8277,51.5538,1.2267,64.6993,0.8471
Cover Drive,112.0488,0.6564,23.7318,138.7218,43.389,0.7271,39.8078,0.5169
Cut Shot,94.6172,0.3642,16.2486,113.9516,13.4923,0.4195,9.2505,0.11
Pull Shot,114.5652,0.7141,52.0547,112.9425,38.5522,1.4441,0.0,0.2433
Cover Drive,154.0984,0.4758,32.5508,129.025,16.2536,0.4209,43.4713,0.4496
Cover Drive,119.0414,0.9009,24.0572,154.6203,48.9241,0.1373,25.6741,0.5586
Leg Glance,107.4061,0.1749,32.1856,126.4578,33.0794,0.9644,43.5163,0.2722
Cover Drive,141.5124,0.2142,34.3945,109.5155,16.2421,1.4816,52.7979,0.4887
Cover Drive,137.2525,0.9582,43.9918,143.3101,35.7497,0.8553,30.9374,0.5541
Cover Drive,122.8434,0.9337,30.1777,122.7151,29.3678,1.3248,45.1282,0.4616
Cut Shot,105.0932,0.2343,16.6906,108.2009,16.3786,0.4855,10.3408,0.0771
Leg Glance,145.4062,0.1307,20.6091,108.9903,11.7653,1.0474,34.7058,0.596
Leg Glance,106.6682,0.0795,17.9379,114.1595,16.4579,1.0752,17.479,0.4786
Straight Drive,123.9872,0.743,43.6783,154.7128,56.4862,1.5493,58.0793,0.8929
Cover Drive,126.9707,0.3681,44.3519,135.6431,42.7841,1.2948,20.5021,0.593
Straight Drive,107.1966,0.7235,35.1536,146.5189,43.6239,0.418,78.1965,0.8861
Leg Glance,107.1277,0.2292,44.3856,146.5119,25.2714,0.6453,24.2705,0.5008
Cut Shot,72.1771,0.3763,18.7172,115.4531,8.2223,0.5578,8.7578,0.1972
Pull Shot,97.7787,1.0148,40.0007,100.9192,16.6341,1.0442,22.9992,0.1049
Cover Drive,126.9609,0.884,25.6586,103.0369,27.5787,1.3695,14.536,0.4693
Straight Drive,110.7659,0.5606,41.7974,148.1563,25.3558,1.2383,70.6214,0.8872
Cover Drive,112.42,0.6624,30.1771,155.7008,36.5033,0.8341,43.5301,0.6439
Straight Drive,143.2833,0.6926,47.8812,148.9951,34.8691,0.8855,52.2223,0.7929
Leg Glance,123.5451,0.4666,32.9152,127.8081,19.6129,0.9422,24.9536,0.4524
Cut Shot,115.038,0.3237,7.2795,126.7108,16.121,0.7136,20.957,0.2895
Straight Drive,102.155,0.6522,43.4957,166.432,33.9444,1.4801,85.2166,0.7215
Cut Shot,108.1236,0.4457,11.3107,131.6603,27.7067,0.8678,9.9985,0.1672
Cut Shot,103.0078,0.4534,1.4245,110.7654,29.9818,0.4594,15.8115,0.2576
Cut Shot,107.5868,0.3083,5.6284,100.446,40.0818,0.8315,17.989,0.3866
Cut Shot,127.4286,0.2577,36.2695,124.2928,8.7433,1.0009,1.5223,0.1716
Cover Drive,132.2871,0.7722,48.0446,149.4378,51.6717,0.9989,57.2867,0.393
Cover Drive,110.1624,0.4099,38.8647,153.3812,37.2808,1.4498,38.5437,0.6887
Cut Shot,77.7564,0.1349,0.9369,87.5674,29.4613,1.232,4.3353,0.3762
Leg Glance,127.9127,0.314,1.0462,150.8531,8.2211,1.0005,27.3746,0.4743
Leg Glance,138.5011,0.3577,42.7286,111.8237,33.2318,1.0291,27.0446,0.239
Leg Glance,95.8497,0.2361,16.644,166.2355,27.552,0.6643,43.8457,0.6916
Cover Drive,133.7759,0.5128,50.3109,132.3816,16.5864,1.567,22.4647,0.4482
Leg Glance,111.7195,0.1648,30.5875,121.3535,11.448,0.4348,27.1862,0.3524
Straight Drive,150.5816,0.6999,49.9162,118.576,46.291,1.2257,71.1842,0.7256
Straight Drive,144.3351,0.6382,38.2431,141.268,51.6004,0.8211,73.1862,0.6456
Pull Shot,81.5771,0.7441,50.9108,112.5184,31.3529,1.4885,13.9293,0.1768
Cover Drive,106.9503,0.8929,15.1026,124.3906,21.6173,1.3787,60.5213,0.7606
Cut Shot,84.3185,0.1966,25.7912,108.8581,34.2129,0.5966,3.7374,0.2574
Pull Shot,108.375,0.7588,68.1808,111.0931,32.4525,0.6972,12.4843,0.2842
Straight Drive,115.6567,0.7824,50.5267,121.3101,16.262,1.221,72.0578,0.5373
Pull Shot,102.1974,0.6335,54.1724,107.3436,39.225,0.9461,17.7179,0.1215
Straight Drive,120.1236,0.6624,54.6909,131.5588,38.4598,0.5968,87.1003,0.6125
Pull Shot,109.8474,0.793,40.7729,91.979,31.2255,1.6161,10.1845,0.2987
Pull Shot,84.5744,0.7671,53.6669,110.2792,11.1215,0.6698,2.0506,0.2631
Cut Shot,82.6724,0.4904,9.8962,88.1353,35.6978,0.7591,9.0673,0.2556
Pull Shot,125.5286,0.9555,32.1159,93.1919,44.0961,0.5366,31.1044,0.0854
Pull Shot,77.9099,0.8433,22.462,98.256,30.0246,0.5923,13.1186,0.1595
Cover Drive,128.5461,0.5813,22.836,150.5706,32.6959,0.5207,28.6408,0.5474
Straight Drive,137.5043,0.9213,46.3695,127.5831,38.0808,1.2784,83.6291,0.7934
Leg Glance,95.9688,0.3156,0.0,107.3282,45.2375,0.732,16.1242,0.646
Straight Drive,107.7288,0.594,39.8807,127.7961,28.1805,1.3855,59.1417,0.6693
Straight Drive,151.0552,0.8676,40.0225,167.5476,50.5702,0.6034,81.5874,0.7433
Cover Drive,124.9926,0.7728,29.5314,109.3095,22.1041,0.5283,17.8933,0.5005
Leg Glance,127.8833,0.3898,35.604,163.0774,31.2764,0.6036,46.7501,0.4158
Straight Drive,126.1967,0.9354,29.3852,157.5474,21.9744,0.8853,68.4557,0.7609
Leg Glance,123.8666,0.2579,26.0255,147.046,17.1962,1.1005,44.6182,0.2989
Leg Glance,104.8401,0.3335,37.2371,113.1047,23.5902,1.0027,42.6538,0.4456
Cover Drive,111.2466,0.3344,10.9214,124.8577,43.1631,0.6839,58.802,0.4026
Straight Drive,108.9641,0.8827,25.0771,146.2252,36.2091,1.0017,70.8829,0.7389
Pull Shot,114.4165,1.1161,63.9706,108.2455,35.681,1.378,27.6853,0.2301
Cover Drive,151.673,0.7511,45.1496,154.6792,21.7176,1.3853,40.9957,0.7123
Leg Glance,134.3213,0.0,12.7971,140.481,44.9592,0.4186,37.0444,0.4745
Pull Shot,91.1769,0.8893,41.9109,115.1889,16.3388,1.7478,13.0218,0.2991
Cover Drive,88.1584,0.5832,38.3747,121.7951,31.6234,0.4198,18.9934,0.5088
Cut Shot,83.0723,0.3326,31.5968,124.2252,26.3001,0.3036,11.68,0.1151
Leg Glance,133.7595,0.3,28.1414,148.8289,36.4039,0.7249,21.3659,0.44
Leg Glance,108.6448,0.3458,6.1739,127.0374,36.3912,0.5784,33.6773,0.3618
Cut Shot,124.2536,0.3168,16.5871,94.208,14.6098,0.6412,30.3627,0.2382
Pull Shot,100.1075,1.0469,35.2482,106.3078,37.3605,0.9942,22.7751,0.1197
Cover Drive,127.3076,0.7795,19.7699,157.8975,50.977,1.3447,32.6992,0.7397
Cover Drive,95.1691,0.4349,28.7709,157.7045,15.0576,0.7405,33.8871,0.7222
Leg Glance,120.6825,0.4694,10.7334,134.3269,34.021,1.1502,25.7188,0.5208
Straight Drive,154.929,0.7961,54.6348,156.933,42.7067,1.4751,70.1324,0.686
Cover Drive,129.429,0.5462,6.5586,115.7849,21.9539,0.6679,38.0887,0.5962
Straight Drive,127.2613,0.625,29.3467,158.8829,13.2611,1.2692,81.2042,0.7369
Pull Shot,96.7291,0.5893,59.3043,108.5772,22.596,0.4747,17.5923,0.2341
Cover Drive,101.7416,0.8468,35.4105,131.5366,49.9231,1.1759,40.3234,0.3049
Pull Shot,71.5203,0.6647,67.0581,81.2095,23.1251,1.1822,1.7118,0.2469
Cover Drive,135.1072,0.8622,12.2562,148.7709,17.5654,0.8857,50.1031,0.5208
Cover Drive,147.4019,0.7499,50.8316,128.6652,31.7139,1.4497,46.9374,0.7348
Leg Glance,124.1586,0.3759,45.6981,140.2736,17.635,1.0072,46.6941,0.3432
Pull Shot,84.7319,0.7351,26.5803,86.0214,22.0272,0.8179,24.9906,0.261
Straight Drive,114.1616,0.5899,31.3546,152.9035,54.4372,0.8948,72.8751,0.7306
Leg Glance,108.1956,0.3759,22.9276,159.8753,25.9768,0.4419,46.2959,0.5793
Cut Shot,126.8177,0.4484,30.0372,104.9456,8.6042,1.155,13.2634,0.0742
Leg Glance,105.6918,0.1461,41.1647,114.522,23.2581,0.5241,41.0338,0.3083
Leg Glance,149.0885,0.0794,30.7254,146.0841,16.7823,0.4026,33.7038,0.5011
Pull Shot,107.769,1.0361,52.9472,105.3351,10.9177,1.7182,24.0489,0.2474
Pull Shot,99.4911,0.8111,40.8396,122.4489,39.0893,0.5443,13.8188,0.0992
Cut Shot,85.242,0.3919,22.2774,85.5827,14.073,0.5618,12.3492,0.1841
Cut Shot,114.6582,0.5297,22.3841,95.6655,31.9126,0.6019,25.3423,0.0741
Cut Shot,97.7183,0.231,24.7383,138.4383,34.8804,0.7173,25.0751,0.2332
Pull Shot,77.6518,1.0532,78.3667,96.5933,32.2279,1.3275,23.8999,0.0888
Leg Glance,91.6039,0.4283,34.4133,133.6658,28.5263,0.9059,26.231,0.425
Pull Shot,128.2788,0.6978,53.5506,116.0136,32.7575,1.6341,10.9915,0.0665
Leg Glance,105.1155,0.0979,6.7914,128.2215,14.0659,0.351,33.3874,0.5021
Cut Shot,124.7741,0.3785,33.3645,107.3881,43.6015,0.9564,27.3893,0.3051
Cover Drive,134.9071,0.6033,37.3627,120.9482,43.7658,0.5438,20.7264,0.6497
Cover Drive,151.565,0.5543,23.3851,153.2978,22.9784,0.5992,34.7867,0.6342
Leg Glance,104.6787,0.28,20.75,150.8472,12.8836,0.6486,18.5041,0.6025
Cut Shot,112.3214,0.3481,31.8738,99.8305,38.7455,0.8226,20.7597,0.1487
Pull Shot,111.6029,0.642,31.5069,86.8683,41.2224,1.2546,9.9926,0.2311
Straight Drive,111.1663,0.9214,29.0497,166.3932,55.7729,0.8174,51.3191,0.8445
Leg Glance,119.251,0.2099,13.9558,122.5307,41.8644,0.7263,38.4368,0.5853
Pull Shot,128.5268,0.5403,33.4978,117.3931,44.4288,1.1256,7.0777,0.0987
Straight Drive,119.0406,0.6134,19.441,117.1459,25.537,0.5077,58.5178,0.6982
Pull Shot,84.2756,0.7308,60.6237,110.8726,26.731,0.9094,24.5861,0.0961
Cover Drive,114.8754,0.7916,35.1242,137.7671,51.8118,0.9371,55.9858,0.5539
Pull Shot,85.3339,1.0005,46.5455,116.4834,33.8904,0.903,9.9789,0.2953
Pull Shot,104.3933,0.8946,31.7238,77.6535,11.8362,0.9075,7.8797,0.0794
Pull Shot,128.2542,0.6256,49.8056,64.2193,17.8126,0.5233,18.1874,0.2771
Cover Drive,130.3579,0.7538,54.6823,134.0501,28.2284,1.406,29.4717,0.6235
Pull Shot,125.331,0.7732,43.2824,119.8067,22.4243,1.1883,22.4903,0.3493
Straight Drive,141.5865,0.9931,47.0723,139.4823,55.8209,1.1023,73.3696,0.6368
Cut Shot,77.6505,0.5732,18.0745,105.4223,42.0174,0.594,21.7843,0.1584
Pull Shot,85.7623,1.2002,61.3249,96.5355,8.9331,0.8841,14.0001,0.1125
Cover Drive,106.9671,0.7229,29.6852,145.5616,51.2985,1.1699,51.0819,0.6749
Pull Shot,106.9251,0.7229,32.9288,91.0825,25.8403,1.287,9.5164,0.3467
Cover Drive,138.5611,0.4904,38.077,137.7577,50.5709,1.0315,36.4115,0.5083
Straight Drive,119.7024,0.9584,24.8493,168.7871,42.0592,0.9891,79.8764,0.6195
Leg Glance,105.2268,0.2228,12.9812,128.6896,18.2197,0.6276,35.1114,0.6582
Straight Drive,148.8889,0.7022,48.9135,163.1646,35.6094,1.0927,71.7312,0.6676
Leg Glance,101.8028,0.0946,14.5228,104.0156,15.3453,0.4489,30.8717,0.4981
Pull Shot,86.4318,0.847,38.1343,88.6139,40.2485,1.4847,28.2765,0.1853
Cover Drive,108.9034,0.3522,63.5722,165.7036,20.2148,0.6384,35.8505,0.477
Cover Drive,102.5061,0.326,52.474,97.2219,33.4031,1.4884,55.2244,0.7666
Leg Glance,109.002,0.2289,30.8319,121.0543,20.3211,1.025,32.7368,0.3563
Leg Glance,104.3537,0.0832,24.9072,152.2834,40.5101,0.5343,35.2331,0.5653
Cover Drive,114.3529,0.4516,27.1645,139.2356,22.3849,1.2822,14.9255,0.7369
Straight Drive,145.6636,0.6023,22.2349,118.7989,38.7562,0.6219,81.8234,0.5902
Pull Shot,107.8316,0.5185,30.0667,91.2524,29.2286,1.0134,10.5791,0.3033
Cover Drive,130.7235,0.7687,43.7242,151.9131,17.8354,1.4194,52.5862,0.5828
Straight Drive,115.82,0.8102,47.4857,133.2989,36.177,0.4879,72.7119,0.6701
Straight Drive,158.675,0.641,24.1982,166.791,46.0329,0.8766,64.4402,0.9107
Leg Glance,147.9865,0.0178,15.8621,127.4865,14.1641,0.9864,51.3986,0.4824
Cut Shot,95.7904,0.397,38.7078,120.2679,20.3694,0.5017,10.1386,0.2329
Straight Drive,150.0074,0.6145,28.5851,168.596,21.1601,1.1821,84.3554,0.7136
Leg Glance,107.9906,0.4073,26.0319,116.2426,28.6664,0.9677,44.0897,0.3368
Pull Shot,95.2964,0.9331,51.3337,85.5961,19.8425,1.5512,23.3074,0.2078
Leg Glance,103.9811,0.2945,17.9289,157.8601,24.1129,1.0411,43.4292,0.4569
Cover Drive,130.0089,0.6461,54.1449,121.2457,22.3387,1.2424,47.0355,0.651
Leg Glance,98.4709,0.2993,13.0811,122.9042,42.9235,1.0036,39.1981,0.338
Cover Drive,136.7566,0.5524,38.7826,160.8789,42.5088,0.9544,52.269,0.6791
Straight Drive,146.1534,0.6508,26.7922,134.8283,48.8786,1.4202,75.2177,0.56
Pull Shot,99.1155,0.7249,71.8029,89.7782,24.3947,1.344,14.2185,0.1023
Straight Drive,148.099,0.7525,39.1395,139.1187,43.1947,0.6232,79.4843,0.6782
Cover Drive,144.3286,0.3732,44.9268,121.6639,35.0327,0.9434,29.7006,0.5616
Cover Drive,105.9131,0.8133,19.493,175.4236,46.8934,0.5953,22.774,0.5427
Cover Drive,97.9058,0.4437,24.1014,133.4164,19.8141,0.9883,40.4865,0.5304
Pull Shot,127.2714,0.7293,46.6019,131.3846,7.2858,0.4753,7.7614,0.2256
Leg Glance,99.8504,0.1302,27.2526,106.8641,36.1882,0.8105,49.1268,0.6273
Leg Glance,139.0532,0.1577,40.2777,160.0505,15.5103,0.7896,22.5186,0.5032
Cut Shot,92.0923,0.4449,26.709,125.6171,18.1013,0.9942,0.0,0.346
Cut Shot,121.4814,0.5322,23.8311,119.4366,22.4754,1.0854,11.9859,0.2649
Pull Shot,92.2317,0.9486,52.6334,79.4097,37.8881,1.1474,13.3328,0.2262
Cover Drive,143.8693,0.8486,38.6146,118.6125,48.2124,1.2473,37.4616,0.4643
Cut Shot,110.4185,0.504,4.7374,97.0401,14.9991,0.7279,24.6427,0.2319
Straight Drive,154.9368,0.7736,41.1963,127.089,52.2484,1.2891,68.4872,0.7095
Cover Drive,133.8615,0.326,28.0857,102.9935,30.3121,0.6256,25.339,0.6878
Straight Drive,137.4595,0.7948,23.238,129.8076,23.8807,0.9577,87.7379,0.6715
Cut Shot,92.2136,0.353,11.2447,104.8673,18.8996,0.6067,17.8874,0.1067
Cover Drive,108.5841,0.7428,35.9562,136.9715,15.9878,0.413,28.7873,0.4651
Leg Glance,149.7662,0.2278,30.8531,95.1821,20.4408,0.3995,21.7695,0.5508
Pull Shot,79.7981,0.6132,47.1406,130.2043,9.975,0.9121,1.7044,0.3508
Cover Drive,111.0857,0.5504,31.5613,160.2303,45.4474,0.743,35.7195,0.5559
Straight Drive,116.499,0.8964,38.7593,143.9977,19.9986,0.9693,69.1103,0.6205
Pull Shot,97.4563,0.5928,51.6847,127.9216,21.3288,0.7798,18.1368,0.1126
Leg Glance,104.5052,0.0565,44.199,152.0454,20.8411,0.6949,31.4499,0.5903
Pull Shot,119.0411,1.0504,61.3782,104.1427,8.9484,0.7133,27.8818,0.1295
Pull Shot,125.8965,0.8846,33.9582,89.0072,30.1566,1.3138,28.9093,0.149
Cover Drive,94.1498,0.376,54.0002,157.3942,39.5021,0.9239,33.4228,0.4043
Pull Shot,80.0311,0.9768,37.1251,94.38,12.6077,1.291,19.5219,0.175
Pull Shot,124.5028,0.6353,42.9928,95.5341,19.2143,0.7648,14.3621,0.3036
Leg Glance,124.2741,0.1135,32.7962,116.7727,10.8598,1.2224,26.86,0.506
Leg Glance,116.7132,0.3097,29.2778,153.4109,25.769,0.7466,44.5916,0.4044
Pull Shot,97.1326,0.7705,62.3994,84.6135,11.684,1.3097,31.5706,0.1373
Cut Shot,125.6715,0.4505,22.2461,136.1396,9.4744,0.3874,13.0656,0.2179
Cover Drive,137.4895,0.4064,44.6441,158.5799,40.6764,0.6028,36.7797,0.6036
Cover Drive,152.4949,0.3562,4.9643,177.0282,44.2055,1.0003,35.2354,0.4354
Cover Drive,103.6244,0.7921,40.0612,138.3448,48.6397,0.8686,31.1147,0.4704
Pull Shot,73.6927,1.0363,69.9324,104.9698,30.8334,1.6077,15.8,0.1253
Pull Shot,86.895,1.1016,24.662,96.3974,23.4932,0.8591,15.4826,0.2571
Leg Glance,120.2347,0.0499,27.1757,141.305,28.9797,0.3263,28.971,0.4066
Leg Glance,123.8978,0.239,24.9549,145.566,42.3931,0.3039,19.417,0.4286
Cut Shot,83.1991,0.18,17.2337,97.5561,13.3448,1.155,4.4353,0.0534
Straight Drive,144.4861,0.502,40.3537,128.3259,35.1435,0.9805,78.0606,0.6722
Leg Glance,111.7098,0.3078,30.1329,152.6965,43.6115,0.7363,17.8783,0.6051
Cover Drive,109.9703,0.631,56.0732,145.8589,48.7871,0.4369,50.8638,0.4738
Cover Drive,109.7522,0.7677,43.9051,133.5819,48.5794,0.951,63.9535,0.3978
Pull Shot,119.1745,0.8968,36.076,111.1335,10.9477,1.1751,10.3758,0.0493
Cut Shot,83.8878,0.2708,13.2789,122.8619,15.4721,0.3903,11.7491,0.1271
Cover Drive,136.1124,0.9323,18.7181,128.5231,23.2007,1.2888,27.3618,0.4341
Leg Glance,103.2334,0.1408,15.1595,101.5593,30.7605,0.7325,45.0832,0.6788
Pull Shot,76.3987,0.6,69.7788,101.9435,33.9776,0.9122,11.2042,0.1066
Straight Drive,135.5016,0.656,44.6121,130.7632,40.549,0.4768,80.2245,0.5675
Cover Drive,123.4974,0.3929,45.1704,130.1501,46.4217,0.7013,28.7338,0.5388
Cut Shot,68.6814,0.2069,14.1644,135.8738,11.9364,0.7018,15.6442,0.1502
Cut Shot,78.5424,0.2904,20.0788,113.3912,18.6763,0.8564,13.6965,0.2667
Cover Drive,101.3316,0.4144,29.9773,167.163,27.7461,1.3283,27.6144,0.7183
Leg Glance,139.9353,0.0299,46.6794,100.2175,23.0675,0.9261,44.557,0.4699
Straight Drive,108.7889,0.9083,41.7557,154.6877,41.0224,1.3423,76.3037,0.8375
Cut Shot,96.9519,0.5266,10.3434,102.1517,21.1225,0.6598,13.2457,0.1593
Straight Drive,153.4262,0.6475,13.9197,119.4391,56.0307,0.6327,80.2246,0.621
Cut Shot,80.921,0.2833,18.1508,124.3396,23.8983,0.5891,15.7055,0.2189
Pull Shot,79.8646,0.8353,25.1958,95.7236,25.399,0.8484,28.7726,0.0386
Pull Shot,107.2777,0.8269,27.2827,109.4369,7.0829,0.8934,27.4708,0.3138
Cover Drive,95.7922,0.6761,18.5478,145.4376,30.3806,1.0396,34.1514,0.3505
Cover Drive,146.3557,0.4173,34.5719,107.0343,21.0596,0.5391,40.7714,0.653
Cut Shot,104.1875,0.1522,26.8492,110.1482,31.4027,0.8156,23.702,0.0259
Cover Drive,97.6633,0.5492,43.4454,158.5066,24.5243,0.8365,27.0169,0.5515
Cut Shot,120.3803,0.3804,28.3172,147.7359,33.9124,0.4265,19.3076,0.1675
Straight Drive,100.5402,0.5541,19.8363,124.6818,44.8252,0.6162,86.8031,0.8074
Cut Shot,97.0367,0.1708,31.7329,121.7471,33.9753,0.9429,14.3958,0.3151
Leg Glance,139.8519,0.1926,21.2769,110.7024,33.7151,0.8186,24.7408,0.3522
Cover Drive,130.9871,0.594,14.5075,124.9147,22.831,1.1532,22.9123,0.5295
Cut Shot,111.2079,0.4505,6.6727,96.7536,45.268,0.5253,25.0939,0.2568
Straight Drive,150.8458,0.8073,22.8013,167.0753,30.5147,0.5749,75.5192,0.5832
Straight Drive,134.6311,0.7613,28.4866,169.1745,28.4035,1.0488,81.1082,0.8115
Pull Shot,74.3682,0.9376,51.0349,104.3926,20.6084,0.6714,22.8973,0.3922
Straight Drive,105.2488,0.6087,18.7496,153.4136,23.316,1.1524,51.4888,0.8307
Pull Shot,118.403,0.8081,61.7483,103.4161,17.0941,1.3464,25.0808,0.2689
Pull Shot,126.519,0.7658,62.3126,105.7026,20.574,1.2242,15.1182,0.2778
Leg Glance,142.4522,0.3318,13.7897,103.0849,40.0899,0.9333,45.1635,0.369
Leg Glance,133.988,0.3892,36.2247,165.2138,15.8529,0.908,31.9386,0.6157
Cover Drive,151.0397,0.5771,8.9302,115.8211,29.4509,0.3476,27.4549,0.5489
Cut Shot,122.7721,0.2095,20.5486,114.7275,33.8696,0.9717,16.6611,0.1755
Cover Drive,110.1557,0.3903,58.7197,105.6976,17.4757,0.36,40.2172,0.5379
Pull Shot,131.9582,0.8233,32.0308,119.6229,8.1847,1.2956,11.5652,0.2878
Straight Drive,126.9094,0.6393,20.8463,145.8648,46.744,0.7429,89.2992,0.5798
Straight Drive,100.3553,0.8969,40.0411,154.1948,23.9963,1.3337,70.4406,0.5809
Straight Drive,158.4385,0.741,24.5397,162.1889,54.6679,1.327,59.1304,0.8751
Cover Drive,115.8179,0.5335,24.225,142.9551,44.0433,1.5695,13.0511,0.4125
Pull Shot,76.8506,1.1152,55.5748,92.9498,27.0686,0.849,10.8789,0.2837
Cut Shot,107.2825,0.1621,15.9731,117.4052,40.8292,0.6171,10.1462,0.1728
Pull Shot,105.7207,0.775,51.9182,131.4187,41.9257,1.5291,6.026,0.199
Cover Drive,140.0288,0.5912,27.186,107.7242,56.8321,0.849,29.4817,0.5452
Cut Shot,93.4775,0.4165,30.8894,104.7582,9.011,0.3343,19.3677,0.1807
Cut Shot,98.8148,0.2901,9.2708,131.4124,40.8246,0.6637,20.2988,0.159
Straight Drive,134.6991,0.6666,53.9902,118.9252,50.2792,0.7762,73.3167,0.6555
Cut Shot,105.7583,0.6316,12.2981,104.3554,6.9879,0.8502,27.1964,0.1733
Cut Shot,65.0779,0.1939,5.3964,157.0747,14.9686,0.1682,9.0958,0.0433
Cover Drive,145.8609,0.5755,31.0509,123.3185,35.4113,1.1313,31.4677,0.5281
Leg Glance,92.2329,0.218,38.411,116.7635,40.7625,0.6784,26.0525,0.3464
Cut Shot,110.1343,0.3725,15.8805,119.3504,36.3266,1.1114,6.8489,0.1608
Cover Drive,128.5225,0.8945,19.6918,128.1807,33.2541,0.4679,29.5569,0.6409
Cut Shot,109.7618,0.4983,30.3747,114.2885,31.5985,0.9216,14.5537,0.1858
Cut Shot,73.9302,0.3823,3.261,118.2332,14.3819,1.0728,19.4999,0.3113
Pull Shot,106.8072,0.8796,37.7942,116.6807,13.1512,1.3051,36.6503,0.3379
Cover Drive,128.9483,0.707,44.1932,158.629,32.2757,0.819,48.4524,0.7201
Straight Drive,152.0467,0.9288,34.8344,153.7092,30.0276,0.8716,65.5436,0.7315
Cover Drive,115.9969,0.5715,18.2525,151.9537,26.4957,0.761,20.0242,0.5658
Cover Drive,145.2215,0.5237,30.4055,115.0281,29.8368,1.1869,37.9451,0.6154
Straight Drive,132.1251,0.7005,46.4333,144.597,26.8631,0.7482,85.0971,0.7959
Straight Drive,128.7743,0.5413,53.6592,129.1792,46.0485,0.4176,52.6987,0.8029
Leg Glance,145.1424,0.397,25.9073,100.2785,13.6941,0.4618,37.4692,0.4351
Leg Glance,115.497,0.2249,30.4978,152.2257,43.9366,0.7354,44.7372,0.4366
Pull Shot,120.2434,0.9105,42.8142,114.4538,14.2637,1.076,13.2725,0.1551
Straight Drive,144.469,0.7232,28.6292,158.4423,49.1355,0.6687,66.2911,0.7783
Cut Shot,133.083,0.4639,27.2423,91.7628,24.1562,0.5616,8.007,0.1876
Straight Drive,140.6427,0.5655,20.9619,151.3233,54.3365,0.6243,95.3499,0.9217
Straight Drive,129.2395,0.8569,43.5116,118.6834,55.3525,0.8085,68.7796,0.7516
Cover Drive,130.8659,0.7685,31.1939,138.8013,27.0103,1.5342,21.1766,0.4154
Cover Drive,90.255,0.7389,34.6422,109.2149,38.9355,1.0314,15.0011,0.5631
Cut Shot,114.9723,0.406,13.2991,95.7,31.5311,0.8848,17.5699,0.3756
Cover Drive,106.5485,0.5872,17.681,132.5874,54.4222,1.2184,26.574,0.4409
Leg Glance,130.3911,0.3994,17.9356,117.8845,19.02,0.4577,45.1606,0.6504
Straight Drive,124.1775,0.8666,16.9595,132.4408,24.9948,0.8921,69.8379,0.5758
Cut Shot,108.6086,0.5324,17.5833,98.9375,37.0036,0.928,5.5199,0.3717
Leg Glance,147.7611,0.4116,34.2016,117.5597,30.4498,0.4804,29.9464,0.5552
Leg Glance,119.6649,0.2246,7.9537,163.796,33.6377,0.6245,46.0283,0.5513
Leg Glance,95.8729,0.3247,25.8845,102.4592,19.6876,1.0975,31.7756,0.3628
Cover Drive,118.3091,0.5801,21.5168,135.3388,22.5151,1.2282,40.1817,0.5659
Cover Drive,130.4512,0.7042,52.4108,159.4534,44.3297,0.4591,52.2219,0.4867
Leg Glance,128.7968,0.1265,28.7163,111.1645,30.4707,0.8856,39.9131,0.4076
Cut Shot,115.6352,0.4179,5.4149,132.8091,22.1373,0.938,25.0879,0.174
Pull Shot,77.7165,0.9634,57.3971,93.375,36.755,0.9299,25.7368,0.2334
Leg Glance,148.074,0.3274,31.3121,129.7316,34.8586,0.9845,44.6792,0.3842
Pull Shot,121.7245,0.8426,38.1147,81.2913,33.7559,1.5555,0.0,0.0424
Cover Drive,141.9073,0.6179,39.402,128.682,26.2714,0.6487,42.9025,0.6537
Straight Drive,111.8993,0.8255,25.161,134.2244,40.5038,0.7522,79.4942,0.818
Pull Shot,125.3309,0.9518,39.9884,114.5014,6.0395,1.5968,8.3966,0.2005
Leg Glance,115.8114,0.0236,4.5261,138.8677,18.294,0.7522,24.1637,0.3891
Cut Shot,100.5236,0.3958,19.9238,121.0868,36.7223,0.627,18.478,0.1
Cut Shot,113.691,0.4464,35.5876,92.472,34.9606,0.4609,10.5366,0.2918
Pull Shot,107.7745,1.0147,27.7176,116.5677,24.2212,0.9851,12.24,0.3264
Pull Shot,97.1222,0.9387,42.3677,106.8002,15.1611,1.2941,28.8056,0.2718
Leg Glance,117.8949,0.1743,33.051,118.0366,43.1787,0.5709,24.4553,0.563
Leg Glance,139.8608,0.1443,0.5797,113.999,41.9332,0.9984,44.6474,0.613
Cover Drive,106.3733,0.883,23.9833,103.3375,42.5747,1.0365,60.1292,0.7032
Pull Shot,120.1754,0.7823,63.5345,96.0166,10.1597,0.8153,26.5663,0.1032
Straight Drive,116.7046,0.7868,47.463,155.6625,45.9891,1.1687,74.828,0.5151
Pull Shot,106.6013,0.8835,35.6292,74.4753,23.1931,1.7632,25.4913,0.2771
Cut Shot,130.3122,0.6011,17.9788,131.9546,12.2274,0.4067,0.0,0.3103
Cut Shot,70.2887,0.2178,10.683,116.3727,14.0907,0.2998,26.8308,0.3706
Pull Shot,110.3382,0.9486,35.0528,85.2617,31.2748,1.0727,26.1047,0.2556
Cut Shot,90.2415,0.2669,42.7292,138.9611,37.8331,0.5085,7.4453,0.2967
Cut Shot,97.3629,0.1707,28.5773,131.9534,5.6171,0.8857,6.1838,0.424
Straight Drive,168.771,0.7699,40.1468,111.5639,26.9562,0.8524,92.2657,0.7253
Pull Shot,76.5299,0.8027,61.2037,83.6481,16.9989,1.4949,3.5396,0.2139
Leg Glance,147.0037,0.3619,15.9946,91.3069,15.8396,0.2932,40.6736,0.4701
Pull Shot,90.2956,0.8615,68.1981,90.1644,15.807,1.0572,10.4758,0.2912
Leg Glance,94.2202,0.3702,10.5854,137.703,45.8945,0.8423,21.7839,0.5956
Straight Drive,131.8595,0.436,18.2497,114.8643,50.7838,0.9681,59.4696,0.8467
Cover Drive,98.8975,0.3967,53.7378,120.8655,23.99,0.6495,21.2053,0.4489
Cut Shot,114.3397,0.3005,27.8496,126.0397,34.4977,1.0775,2.3198,0.2203
Straight Drive,121.7254,0.8866,24.9445,129.7713,40.0639,1.379,88.2257,0.832
Cover Drive,138.6552,0.5762,54.0017,145.6754,41.6773,0.2767,34.8857,0.5354
Leg Glance,101.8812,0.2717,14.5426,127.1175,15.1246,0.3102,35.5343,0.5043
Straight Drive,122.0978,0.9621,30.4375,162.3772,27.3501,1.2124,73.0107,0.4773
Cover Drive,118.3684,0.7014,24.988,151.1426,41.6831,0.4942,58.1402,0.6154
Leg Glance,143.0295,0.3494,13.0087,151.8033,31.8862,1.1365,35.3377,0.2825
Cover Drive,148.0196,0.8077,45.8813,141.1264,57.191,0.7691,33.7371,0.4221
Cut Shot,117.7336,0.3065,13.199,139.0651,24.5337,0.7619,9.4028,0.3157
Straight Drive,151.468,0.9628,37.1639,135.3082,25.8678,0.8116,72.1714,0.9003
Cover Drive,120.5186,0.4127,36.0914,139.0375,54.2736,1.3612,19.7352,0.3756
Pull Shot,84.656,0.9842,54.8972,94.539,8.529,1.1198,24.9113,0.2189
Straight Drive,148.3808,0.4944,33.8471,144.3403,29.3477,1.4275,66.7001,0.6799
Cover Drive,147.2782,0.6007,38.0604,108.4495,23.5764,0.8236,52.0449,0.411
Straight Drive,142.9678,0.4422,26.6348,164.8561,60.3409,1.0293,74.0967,0.6254
Cut Shot,103.8925,0.4534,28.999,89.6414,11.6631,0.815,27.721,0.1634
Straight Drive,130.1228,0.739,27.1467,115.2322,33.7359,0.4009,60.7779,0.6161
Leg Glance,108.7367,0.2215,29.1925,142.0199,17.9018,0.8459,45.3388,0.6571
Straight Drive,146.1013,1.0412,24.4756,124.6884,38.5884,0.5742,73.4335,0.5522
Pull Shot,116.384,1.0221,32.7469,103.1674,27.1799,0.7421,2.7734,0.1824
Pull Shot,81.763,1.075,59.767,77.5325,36.1845,0.5879,6.0805,0.3066
Cut Shot,118.2816,0.3199,22.5104,112.8863,25.9699,0.9991,27.2557,0.3002
Cut Shot,77.5608,0.4745,32.747,121.726,27.838,0.3752,36.303,0.4107
Cut Shot,88.6717,0.3628,23.3217,109.2999,19.5151,0.6529,1.0099,0.24
Pull Shot,100.1896,0.6453,65.463,95.3854,30.1629,0.7444,18.3073,0.0915
Leg Glance,125.9031,0.249,26.6186,109.6337,40.3058,0.611,36.4388,0.4813
Pull Shot,114.9645,0.889,47.4027,111.2111,28.8203,0.4342,24.1181,0.1516
Pull Shot,86.8043,0.7392,38.9937,103.9713,22.8925,0.6692,18.0947,0.1474
Cover Drive,127.7301,0.8801,49.461,107.1625,22.0939,0.5835,32.9628,0.5204
Cover Drive,140.7877,0.668,46.2694,139.6186,18.762,1.2966,44.038,0.6935
Leg Glance,117.1819,0.2135,35.6119,102.8915,24.8996,1.0374,36.0066,0.5033
Leg Glance,131.1665,0.1356,3.3792,127.5546,12.773,0.6825,16.3643,0.5529
Cover Drive,123.0491,0.3568,32.6371,150.1596,34.1873,1.1965,37.4656,0.4535
Leg Glance,100.3954,0.3151,32.1833,135.6464,33.1127,0.9593,14.2496,0.364
Leg Glance,110.7945,0.1293,48.7215,123.4957,20.7145,0.4489,52.4885,0.5786
Leg Glance,119.7563,0.3409,14.8438,119.8621,19.179,0.5083,49.1329,0.3001
Cover Drive,108.6432,0.8373,48.8272,155.62,24.2466,0.758,47.9751,0.5735
Leg Glance,104.0988,0.3999,26.0845,139.9864,15.5293,0.654,31.6624,0.5315
Cut Shot,119.6869,0.4193,15.0335,116.1358,10.6236,0.3089,24.8548,0.0339
Pull Shot,80.9026,0.5609,41.7019,108.0034,7.0472,0.5641,6.1381,0.098
Cut Shot,128.0269,0.5215,14.1304,95.2287,27.6817,1.1895,10.1432,0.3554
Cut Shot,109.8949,0.3953,16.9151,105.0322,16.7069,0.6441,11.7937,0.3052
Cover Drive,95.0576,0.7757,42.216,122.453,19.8682,0.5312,42.3219,0.6226
Straight Drive,128.467,0.7788,27.2763,144.5914,30.8275,1.3456,79.4191,0.6372
Leg Glance,117.4713,0.0,30.3933,154.7095,13.5882,1.22,25.279,0.3387
Cut Shot,96.6696,0.2094,33.5466,149.1593,29.7689,0.9641,16.8276,0.215
Cut Shot,128.3986,0.1781,24.9553,81.8571,15.9733,0.5222,28.516,0.3093
Cut Shot,102.5422,0.2501,15.284,138.5056,36.3565,0.8155,18.0786,0.3656
Pull Shot,120.3673,0.6665,47.5297,97.2688,37.1992,1.4224,16.1632,0.0108
Leg Glance,158.9172,0.2388,10.9168,135.7153,33.049,0.4841,17.3813,0.5646
Cut Shot,81.8323,0.3333,30.0981,131.1654,31.8288,1.1327,14.0904,0.2566
Leg Glance,115.3524,0.3739,12.0631,115.1091,39.1112,0.5773,18.96,0.4023
Pull Shot,81.6314,0.9504,22.9497,115.256,29.9515,0.6542,20.4859,0.2467
Leg Glance,134.3382,0.2672,8.8448,137.6539,13.4009,0.3471,41.4568,0.4494
Cover Drive,156.1101,0.6585,16.3305,135.8964,57.253,0.4589,59.4783,0.6274
Cover Drive,146.5154,0.7622,28.2929,107.6888,43.6697,1.0817,36.7877,0.5398
Cut Shot,79.2579,0.272,23.0209,117.555,14.8498,0.5671,24.3041,0.1517
Straight Drive,134.4034,0.5942,35.7767,164.2387,24.7045,1.3619,61.0397,0.5487
Cut Shot,111.7503,0.315,26.6067,114.6447,35.8329,0.8287,4.5493,0.2472
Straight Drive,126.7615,0.6974,37.5825,158.0767,38.4466,1.3934,66.8013,0.7739
Leg Glance,117.6158,0.2267,28.5767,133.9626,44.4115,0.7711,32.5711,0.6321
Straight Drive,109.0337,0.5647,40.0242,138.6178,21.8828,0.9533,64.9818,0.5618
Straight Drive,123.0649,0.7486,25.1853,124.0507,27.9822,1.0074,71.5274,0.786
Leg Glance,131.1197,0.2728,18.8549,129.4312,21.5565,0.5752,23.7867,0.2797
Cover Drive,121.8332,0.3522,57.384,159.9942,48.5158,0.428,59.045,0.7601
Straight Drive,129.5931,0.4798,60.3561,117.9731,54.1901,0.673,67.3851,0.5586
Cut Shot,116.4536,0.3416,12.6031,113.5961,12.0867,0.7198,29.5301,0.1356
Pull Shot,76.1438,0.9679,67.5549,97.2984,28.2172,1.097,26.4866,0.0334
Leg Glance,109.3667,0.1447,3.4616,104.9253,44.0481,1.2107,22.2781,0.3788
Cover Drive,107.8295,0.5331,32.7228,170.7975,34.7593,0.8459,23.3128,0.556
Leg Glance,151.9833,0.128,28.1722,149.8086,45.6363,1.2083,37.2583,0.5078
Cover Drive,128.6856,0.3427,46.8619,150.4284,23.5506,1.298,20.4019,0.6131
Cover Drive,139.1528,0.4036,41.7499,126.9048,29.2666,0.8523,30.8425,0.6565
Leg Glance,97.725,0.3723,34.0668,131.2051,17.5836,1.1798,26.9552,0.6732
Leg Glance,121.8005,0.2562,39.4129,128.61,21.6559,0.454,15.9437,0.4946
Cover Drive,111.9832,0.7865,40.294,141.9468,39.1321,0.8771,27.5057,0.6667
Leg Glance,116.306,0.2964,34.3774,101.9528,33.0579,1.0085,35.544,0.4495
Cover Drive,93.7754,0.3047,25.7477,168.327,35.7987,0.7378,61.4867,0.5047
Cover Drive,110.389,0.8503,39.8687,121.8484,37.0694,0.5163,40.3534,0.8037
Pull Shot,104.3549,0.8614,28.1531,123.622,14.4704,0.9498,16.8659,0.107
Leg Glance,134.3374,0.1448,13.0397,106.9335,12.1188,0.4474,36.4889,0.5405
Cut Shot,127.6156,0.3671,26.5508,134.6877,23.201,0.9943,13.0358,0.1688
Cut Shot,125.8368,0.3393,22.3356,132.9751,28.2968,0.4798,19.0172,0.3945
Cut Shot,128.1224,0.2354,15.6335,143.3606,16.3722,0.3954,13.3821,0.1724
Cut Shot,133.5324,0.5705,6.2927,133.3952,26.4498,0.4623,11.9845,0.3826
Cover Drive,141.462,0.4881,21.3909,129.7669,59.0876,0.8582,40.6003,0.736
Cover Drive,153.0374,0.9856,51.7767,136.9219,45.1964,1.3955,34.5377,0.6605
Cover Drive,103.5091,0.5253,54.8328,138.1386,16.2427,0.3564,38.6237,0.433
Straight Drive,126.1096,0.9404,42.6982,138.8689,36.4943,1.0386,73.4856,0.7729
Cover Drive,137.9256,0.7565,26.1151,123.9434,15.1737,1.278,51.3738,0.6637
Straight Drive,149.9327,0.6977,19.7888,126.3474,31.1076,1.0755,78.7767,0.5172
Cut Shot,134.6216,0.3169,10.1051,136.8777,32.5634,0.8601,8.1467,0.1659
Leg Glance,147.9786,0.3015,43.3558,134.1091,27.6449,0.8168,36.948,0.5116
Leg Glance,113.7321,0.4115,18.5851,127.4201,47.8082,0.8665,42.3136,0.6962
Leg Glance,117.3603,0.3787,28.9535,129.6215,35.783,0.4977,52.6001,0.6693
Pull Shot,132.9543,0.8532,28.2692,85.14,19.5867,1.5541,17.8046,0.2386
Pull Shot,90.8413,0.8429,30.075,126.1913,13.8593,0.7255,18.8118,0.3896
Cut Shot,119.4075,0.2349,37.0333,99.5846,23.9501,0.9706,13.8019,0.3207
Cover Drive,100.4814,0.4179,37.8917,176.9998,35.3961,0.3705,49.1824,0.5767
Leg Glance,107.1117,0.3517,40.9842,141.4056,17.6206,0.3366,17.0217,0.5199
Pull Shot,78.6327,0.7549,68.8437,119.0627,19.7707,0.9551,20.2371,0.2044
Leg Glance,110.2403,0.2924,29.3009,156.0932,23.7113,0.6951,36.821,0.5565
Pull Shot,102.6917,0.684,52.8579,86.9936,21.9086,0.9616,10.8228,0.2034
Cover Drive,141.2257,0.6005,53.409,154.992,51.7184,0.9676,37.1231,0.519
Pull Shot,112.1842,1.0071,60.257,86.9641,43.097,1.0354,19.3322,0.1768
Straight Drive,162.3685,0.9322,27.2889,130.5287,30.0187,1.3369,80.6459,0.7566
Cover Drive,98.096,0.5207,33.7815,144.9612,26.5826,0.9354,19.9043,0.6102
Straight Drive,145.3864,0.8603,32.479,163.2112,41.492,0.5498,62.9777,0.7821
Straight Drive,138.2053,0.7977,33.4199,128.1842,16.2929,1.1466,85.7194,0.8498
Cut Shot,86.836,0.4551,36.2503,127.1809,18.8464,0.9683,30.2523,0.1574
Straight Drive,112.6483,0.5261,20.5086,135.3534,23.6516,0.7814,79.914,0.5399
Leg Glance,133.6254,0.1494,26.3815,118.2142,12.1811,0.9398,49.3653,0.5546
Leg Glance,101.1332,0.4384,27.1638,156.455,24.068,1.0765,24.0731,0.4499
Cover Drive,101.3928,0.3831,41.2384,160.9559,49.4127,1.3698,42.0786,0.5752
Cut Shot,132.3036,0.2285,30.4687,148.3841,7.3628,0.7602,28.1822,0.1131
Cover Drive,105.7152,0.3487,39.7067,143.2658,25.8246,0.8353,44.9292,0.8046
Cover Drive,127.9489,0.5823,18.8825,121.7262,32.7133,1.0011,28.7903,0.5969
Cover Drive,145.5065,0.8695,42.6943,138.9953,15.6847,0.5983,36.039,0.5799
Leg Glance,140.4917,0.0974,30.3394,103.6965,36.1094,0.4361,41.9187,0.4845
Cover Drive,120.5561,0.8965,41.2971,110.2909,37.7422,0.3975,56.4196,0.4962
Cover Drive,142.1749,0.6564,28.8339,128.6221,38.6227,1.3439,44.3564,0.6187
Cover Drive,136.7137,0.3944,37.7133,167.777,34.5924,0.8856,34.2117,0.388
Leg Glance,150.2097,0.3214,42.4527,143.2121,26.6732,1.2983,24.2342,0.4777
Leg Glance,143.826,0.0207,14.0365,150.1371,9.2185,0.7929,17.9333,0.529
Cut Shot,105.3078,0.4531,14.256,155.0807,10.9936,0.3048,13.2733,0.0485
Cut Shot,105.2809,0.4251,37.2199,133.5596,28.4157,0.5357,18.1466,0.091
Cover Drive,89.3305,0.6725,48.4791,121.9496,20.3751,0.5757,25.4255,0.656
Straight Drive,150.3646,0.99,55.8192,118.4111,50.5185,1.2767,87.3466,0.669
Cut Shot,91.3624,0.262,12.1553,100.0857,35.3993,0.1138,13.7542,0.3358
Pull Shot,92.9136,0.71,19.2995,100.3836,40.9015,1.6723,23.9319,0.2198
Pull Shot,87.129,0.6695,56.0573,78.0466,25.073,0.8488,28.8744,0.2045
Cover Drive,115.2934,0.4383,30.3647,125.278,35.437,0.685,46.6496,0.7482
Straight Drive,114.2006,0.9417,28.7652,123.1875,23.3792,0.9123,76.1712,0.6879
Straight Drive,138.8639,0.8459,39.6274,173.7842,56.5243,0.5114,56.6146,0.5436
Straight Drive,138.6834,0.8617,48.1585,151.2568,45.5764,1.1912,86.1595,0.5817
Straight Drive,126.6856,0.897,44.624,124.0425,48.3686,0.6189,79.2581,0.7347
Leg Glance,153.0954,0.2367,11.8191,106.6776,28.4059,0.9416,19.0263,0.547
Cut Shot,73.1892,0.4597,11.2707,85.0806,34.1416,0.3005,17.0598,0.1328
Straight Drive,102.5272,0.809,34.4358,159.639,54.3587,0.8347,69.628,0.6158
Cover Drive,158.4264,0.8671,49.157,118.1536,33.4559,1.3145,26.9494,0.4197
Leg Glance,111.403,0.1965,24.6195,159.7012,36.5674,0.4937,11.4762,0.4572
Pull Shot,102.0688,1.0568,34.095,92.3893,21.529,1.4877,15.5338,0.2416
Pull Shot,133.2697,0.5774,53.6074,107.7696,39.7339,0.4736,14.0362,0.3535
Straight Drive,135.3072,0.6483,29.2616,148.6364,19.062,0.8621,62.6073,0.5887
Pull Shot,103.3057,0.6625,66.9577,102.1204,36.5711,1.1021,7.4922,0.2386
Straight Drive,122.1299,0.9721,36.475,141.424,53.6813,0.5393,79.0308,0.722
Cover Drive,120.4638,0.5611,25.1548,127.3473,38.8985,1.3161,54.9611,0.7067
Straight Drive,130.752,0.784,39.656,129.9137,41.679,1.321,67.7562,0.8101
Cut Shot,113.3778,0.2916,22.7029,126.1986,25.5533,0.7979,6.4331,0.0313
Pull Shot,104.0695,0.9414,37.3823,98.5484,31.4396,0.6767,18.7638,0.2394
Straight Drive,137.1236,0.6524,35.5172,134.2611,34.281,0.5823,53.924,0.546
Straight Drive,142.9497,0.6681,42.2622,136.8976,22.0059,0.3902,83.7195,0.8648
Pull Shot,103.2237,0.6883,60.9132,123.8761,13.7314,1.3379,18.7111,0.1894
Cut Shot,87.4359,0.5418,26.7105,131.805,23.2603,0.4816,18.8398,0.2958
Cover Drive,134.8122,0.7584,35.7689,108.6721,30.1479,0.681,32.4888,0.5388
Pull Shot,115.0024,0.7496,25.0761,128.0836,18.9069,1.4097,1.4423,0.1472
Cover Drive,132.4572,0.4254,36.8328,158.2688,49.7172,1.5435,32.1754,0.5129
Straight Drive,129.3577,0.9475,49.6179,135.87,14.5883,0.7507,69.1722,0.8388
Leg Glance,112.4579,0.0843,20.4447,108.1518,18.4345,1.2741,41.5449,0.385
Cut Shot,99.3031,0.2114,18.9202,123.6235,35.3058,1.1561,17.2462,0.3253
Cut Shot,89.9304,0.4393,29.981,136.4061,39.826,0.7679,12.6911,0.3656
Straight Drive,145.0552,0.8693,35.6786,158.4157,45.2073,1.2879,73.6109,0.9105
Cover Drive,140.2639,0.7653,47.8361,132.9654,28.3414,0.8119,20.1703,0.7635
Pull Shot,110.8454,0.9122,50.0515,92.9198,16.7309,0.5746,22.3079,0.3535
Straight Drive,115.6788,0.7552,25.6844,155.024,56.4171,0.7939,75.3966,0.8693
Cut Shot,86.5382,0.5625,14.2305,137.1651,22.9812,0.4654,24.4024,0.1174
Straight Drive,135.562,0.9096,29.7072,148.9277,14.1104,0.6864,69.9443,0.5477
Cut Shot,108.6661,0.4788,30.7657,152.5661,25.0438,0.4675,3.183,0.0147
Straight Drive,132.8413,0.811,23.6792,164.5957,39.1235,1.1653,61.2754,0.7557
Cover Drive,97.2226,0.2826,33.9517,113.2093,19.0479,0.4046,41.799,0.561
Cover Drive,126.1053,0.309,28.6439,172.8887,56.833,0.4815,41.2474,0.7412
Pull Shot,93.3076,0.6837,36.9902,105.5864,16.8456,0.7732,16.5414,0.3088
Cut Shot,67.7332,0.4217,0.0,99.3695,18.9249,0.9376,21.7856,0.3072
Straight Drive,131.1474,0.6742,42.6508,137.4404,38.5022,0.9985,51.1628,0.862
Cut Shot,137.6523,0.2199,16.56,136.3759,26.4806,0.3913,24.1589,0.319
Cover Drive,105.4034,0.3631,21.8245,132.8673,28.5821,1.1619,52.9819,0.6245
Leg Glance,125.5563,0.1042,12.1897,107.1843,35.0634,0.795,33.1136,0.4194
Leg Glance,115.4308,0.3916,6.969,145.1883,24.58,0.6374,24.5424,0.5165
Cover Drive,149.8007,0.838,31.5325,151.5072,25.4112,0.4125,42.4703,0.4252
Cut Shot,92.3086,0.53,12.489,145.7069,12.2813,1.1226,10.636,0.3475
Leg Glance,111.3004,0.028,35.0955,149.1113,24.8867,0.6077,19.4091,0.5869
Cut Shot,123.64,0.2775,33.6354,123.4899,28.6349,0.5674,7.1298,0.2041
Cut Shot,88.9176,0.2836,30.2738,121.0163,23.889,0.9189,6.8039,0.3377
Leg Glance,113.8615,0.1624,37.0494,151.8813,15.433,0.6025,26.8366,0.3898
Straight Drive,120.2941,0.7792,51.9399,160.9637,27.208,0.5557,84.1809,0.526
Pull Shot,101.0117,0.6507,34.8515,89.7156,40.5054,0.3825,10.1494,0.0731
Pull Shot,93.382,0.5936,49.0765,98.3366,6.0748,0.882,17.8611,0.3347
Straight Drive,106.3816,0.5977,16.8262,161.2563,44.3527,1.1226,71.3185,0.8519
Pull Shot,131.5582,0.9514,48.8257,98.5087,17.6097,1.1535,36.6584,0.1068
Cut Shot,89.9473,0.4959,22.3881,122.2886,12.5899,0.664,18.2451,0.218
Leg Glance,126.8345,0.2542,17.4934,134.8548,38.0064,1.0737,29.7547,0.4594
Straight Drive,110.1431,0.655,28.5938,129.4335,11.8632,1.1268,72.1576,0.6703
Cover Drive,109.5929,0.3293,46.9823,126.9792,13.1411,1.1541,32.7637,0.4782
Pull Shot,83.1289,0.8704,65.735,117.476,13.357,1.4949,0.0,0.2663
Leg Glance,125.3873,0.3289,8.3049,150.5518,23.7826,0.7892,42.4338,0.3826
Straight Drive,110.2498,0.7853,15.8641,112.9208,45.8628,0.3117,85.2514,0.7633
Leg Glance,120.3035,0.2695,17.9246,157.2011,45.1325,0.3266,22.9093,0.4279
Leg Glance,105.3064,0.2454,15.4397,148.0751,32.5019,1.1161,36.6692,0.4483
Pull Shot,127.9334,0.8962,41.2399,119.0319,15.562,1.3605,12.7414,0.0563
Leg Glance,141.2174,0.1973,20.8819,109.3116,21.2941,1.0819,23.2809,0.5753
Cover Drive,147.8469,0.641,42.8368,117.4773,47.3737,1.1745,41.1733,0.4269
Pull Shot,135.8822,0.7162,28.3733,98.2058,32.8839,0.6934,15.761,0.1335
Cut Shot,122.2219,0.4514,26.8763,121.7838,34.9833,1.0182,16.9919,0.1774
Leg Glance,112.4322,0.2027,23.0954,159.258,38.6964,0.2936,32.071,0.5087
Cover Drive,115.9334,0.6864,18.4102,115.679,51.4204,0.4582,60.6369,0.4613
Pull Shot,96.6567,0.6236,72.8524,105.3396,14.7065,1.3802,4.56,0.3431
Straight Drive,107.1365,0.8099,54.0605,170.0314,44.8047,0.5534,79.2075,0.6368
Cut Shot,117.0906,0.5572,22.6958,121.2478,20.1705,0.53,27.3776,0.2389
Pull Shot,89.1631,0.7933,36.9064,100.6441,36.4114,1.4004,17.5552,0.1921
Pull Shot,108.1431,1.0001,35.7676,114.8973,32.0238,1.4355,8.1376,0.1989
Cover Drive,101.7259,0.5805,27.8788,169.1917,19.9158,1.3287,21.0757,0.4518
Leg Glance,141.8306,0.2719,32.8413,104.3394,15.1818,0.7111,37.5621,0.4336
Cover Drive,141.5067,0.4493,17.045,111.3504,18.6393,0.4925,53.7185,0.7289
Straight Drive,124.0572,0.746,48.1672,164.4834,34.4714,1.269,74.1823,0.7255
Cut Shot,98.138,0.1676,21.2286,82.9468,29.4074,0.5667,17.95,0.3372
Cover Drive,105.9304,0.374,41.4623,125.1802,57.4659,0.9002,50.1508,0.5883
Cover Drive,137.3218,0.4726,66.1393,137.4412,29.4969,1.2499,47.0951,0.5608
Cover Drive,126.2969,0.5945,41.5913,135.3745,21.6943,0.7458,49.071,0.4079
Straight Drive,142.1772,0.5157,35.9815,132.3035,22.602,1.0538,67.5069,0.9122
Pull Shot,132.0129,0.92,47.5777,86.8332,17.5237,1.33,25.4809,0.2427
Pull Shot,105.4403,0.9694,18.8759,97.1884,32.8167,0.7766,16.9064,0.4101
Cut Shot,97.7536,0.4962,21.5468,103.4335,2.7304,0.3231,14.0425,0.3659
Cover Drive,102.8576,0.5263,21.2789,119.9956,21.575,0.7041,26.5799,0.4911
Pull Shot,127.4222,0.9461,50.6688,95.4888,19.2811,1.4194,20.5608,0.2383
Leg Glance,107.5458,0.142,36.7382,118.3914,17.3035,0.9867,32.9276,0.4336
Cut Shot,100.6378,0.2683,3.5676,89.599,39.4584,1.2489,16.5555,0.0511
Leg Glance,110.4171,0.3683,41.6667,149.2271,35.332,0.78,30.8811,0.5923
Straight Drive,134.4417,0.783,34.3407,136.9031,43.9414,0.4718,73.1363,0.7044
Cut Shot,100.9242,0.35,17.4908,115.1415,7.0059,0.6307,33.2869,0.2844
Cover Drive,94.2599,0.7286,32.393,138.6097,18.9156,0.5817,34.3191,0.3886
Straight Drive,108.1071,0.7897,41.384,156.2132,33.3649,0.8705,71.1591,0.772
Leg Glance,120.8384,0.3851,38.1623,109.2405,40.5648,0.7179,42.3473,0.4794
Pull Shot,94.9515,0.9162,46.995,101.8105,32.5743,0.9355,6.0526,0.0299
Cover Drive,113.0479,0.4647,40.4256,145.1305,50.3529,1.4376,39.1539,0.5757
Cut Shot,100.6901,0.4509,12.6952,133.5876,25.0528,0.8846,16.4839,0.1585
Cut Shot,73.536,0.1596,11.1395,134.076,36.6035,0.8432,18.7041,0.3353
Cut Shot,80.1412,0.5511,19.5865,102.8615,22.2097,0.6766,4.6627,0.1292
Cover Drive,117.5459,0.3541,15.5062,116.2328,28.4244,0.7883,38.2945,0.4574
Cover Drive,155.7286,0.7593,52.6564,154.167,31.7183,0.591,52.6482,0.4248
Cover Drive,132.7763,0.7304,52.068,118.9047,30.7154,1.1164,33.7494,0.5184
Straight Drive,131.06,0.7483,20.1083,114.2484,49.7638,1.1613,75.8309,0.7993
Straight Drive,115.4535,0.6212,36.9882,135.6467,54.0568,1.3656,65.627,0.6245
Cover Drive,157.0103,0.5891,41.2048,157.2565,49.8947,0.4722,41.22,0.555
Leg Glance,89.5737,0.2771,24.8242,148.2144,40.8429,0.6619,46.6446,0.3063
Straight Drive,116.5779,0.9334,26.9673,134.6438,52.4963,0.4514,84.025,0.6901
Leg Glance,124.8903,0.3128,22.3198,129.5143,37.2501,0.8068,13.9434,0.3383
Cut Shot,122.7251,0.2327,35.8044,136.1214,37.1407,0.6423,33.3626,0.0264
Pull Shot,104.9135,0.6126,49.5767,109.5489,35.4525,0.6153,15.7899,0.264
Straight Drive,140.7284,0.518,36.8705,114.3734,49.5923,0.6973,70.0449,0.5964
Straight Drive,147.4348,0.8799,37.133,141.847,35.7697,0.6924,90.3287,0.6588
Straight Drive,140.8435,0.768,29.6173,131.4126,42.547,0.5541,75.1079,0.8254
Leg Glance,119.6189,0.354,17.8006,143.0725,25.9916,0.7644,42.7971,0.592
Leg Glance,137.2836,0.4365,7.1376,109.5186,30.5995,0.2237,16.8651,0.5274
Cover Drive,90.1993,0.5958,37.4125,149.1739,26.4779,1.1221,29.1065,0.7663
Pull Shot,140.8023,0.8713,44.3615,110.0739,36.3125,0.902,17.8099,0.2682
Cover Drive,102.3765,0.4081,23.133,113.4067,53.5559,0.978,29.5175,0.6789
Leg Glance,127.1814,0.0133,18.465,128.3635,15.4375,0.914,33.9923,0.5661
Leg Glance,96.7525,0.4387,22.512,96.1405,20.4619,0.7652,14.6241,0.3108
Cut Shot,74.6658,0.5548,29.2329,107.3795,11.8289,0.7964,14.9374,0.0905
Cut Shot,102.6143,0.01,20.2592,108.4868,16.0393,0.3336,24.0392,0.0398
Cover Drive,127.4766,0.6546,19.8352,151.7433,40.0426,0.7257,60.1126,0.618
Leg Glance,139.1826,0.0,38.7873,108.8271,24.2155,0.5669,39.3076,0.5633
Cut Shot,86.2862,0.4534,22.3582,117.1499,11.2217,0.8994,13.6955,0.188
Leg Glance,100.4209,0.1923,35.6943,123.0522,31.9587,0.4801,22.7154,0.5716
Cut Shot,106.8487,0.3246,33.7484,110.5399,18.6914,1.2776,22.3009,0.3268
Leg Glance,95.9737,0.1331,29.4534,141.9343,43.0161,0.7623,31.7718,0.4774
Straight Drive,108.398,0.9425,50.0489,113.5017,22.8304,0.8051,69.1826,0.7167
Pull Shot,131.854,0.9539,47.0095,79.1647,29.5749,1.0886,19.6302,0.2309
Straight Drive,109.6687,1.0226,41.9885,150.9059,15.0214,1.3747,69.8081,0.6881
Cover Drive,143.5729,0.3786,23.9572,108.8144,26.2097,1.2537,17.2629,0.4165
Straight Drive,115.629,0.6869,26.9916,162.2551,51.9809,0.9029,61.4584,0.6323
Cut Shot,118.2674,0.454,26.424,137.7653,38.75,0.7005,11.5482,0.1912
Leg Glance,106.6863,0.1322,30.6109,106.1211,21.0683,1.2435,31.1848,0.4888
Straight Drive,145.8092,0.9132,27.7477,157.7177,21.2729,0.9287,53.9417,0.6576
Leg Glance,105.8692,0.1101,35.6476,111.0848,37.1788,0.9579,29.5651,0.2975
Leg Glance,128.2629,0.3061,18.1554,114.2881,10.1799,0.6155,22.4237,0.5813
Cover Drive,110.6723,0.6685,24.9428,127.0417,29.3761,1.2067,43.8363,0.5954
Cover Drive,98.0475,0.6043,30.6296,163.2789,21.7686,0.6617,35.5002,0.5435
Straight Drive,131.6576,0.9569,38.8576,133.5366,50.2997,1.3614,70.7324,0.7106
Cover Drive,153.0588,0.6621,53.8768,140.249,33.3459,1.5068,27.1749,0.532
Leg Glance,115.3704,0.3134,24.4577,143.4647,49.6995,0.8514,35.0338,0.4725
Leg Glance,111.505,0.2263,7.7127,154.832,34.705,0.5189,17.6448,0.6997
Straight Drive,133.8251,0.958,47.0235,121.1729,28.501,1.2801,75.3663,0.8214
Pull Shot,128.0536,1.004,38.2583,78.5841,17.3244,1.1959,20.1679,0.1225
Cut Shot,120.3765,0.2953,33.1316,135.1895,9.8926,0.4674,5.8043,0.1671
Leg Glance,126.1665,0.2376,26.8536,156.5653,32.6664,1.0961,15.4143,0.5794
Leg Glance,136.3456,0.3379,32.7051,161.2509,28.6089,0.7076,31.2282,0.454
Cover Drive,156.3664,0.4369,33.4278,129.3743,48.0116,1.2946,44.3714,0.5501
Cover Drive,155.4291,0.7942,49.2366,135.3371,23.1218,1.2377,38.4181,0.4749
Straight Drive,139.7151,0.9972,21.8216,156.8706,26.7107,1.0348,70.1466,0.5774
Straight Drive,154.1121,0.6563,19.2694,162.4194,24.4465,1.1572,65.64,0.6088
Pull Shot,86.419,1.0746,65.6656,83.583,15.9256,0.961,18.6444,0.2828
Straight Drive,147.4805,0.689,27.2881,140.1113,48.4132,1.2246,89.7939,0.8053
Cover Drive,121.9093,0.3918,37.7109,157.759,36.2558,1.0968,61.8302,0.4212
Straight Drive,110.7939,0.5778,48.1882,158.8483,46.9884,0.8921,85.2143,0.6641
Cover Drive,142.3166,0.5333,44.6476,138.523,35.9938,1.3022,30.0005,0.5221
Straight Drive,155.4379,0.9497,20.5461,116.0512,38.757,0.7119,60.037,0.7108
Cut Shot,89.9259,0.5544,32.0889,134.7464,24.5264,0.2933,10.2778,0.1039
Pull Shot,122.7742,0.9212,45.0434,85.6392,22.0347,0.6984,13.909,0.1912
Leg Glance,114.5831,0.3258,28.5441,106.2071,16.0066,0.6771,19.1604,0.4518
Leg Glance,143.1186,0.3459,25.4721,128.5264,31.0262,0.6175,33.2786,0.4282
Straight Drive,147.7306,0.8267,42.6153,156.8739,21.5167,0.5569,79.0536,0.8702
Cut Shot,102.4323,0.3199,14.6037,124.3542,18.2891,0.5192,13.3023,0.3171
Cut Shot,123.4643,0.2126,24.0453,143.9634,13.9032,0.4723,23.8907,0.1769
Straight Drive,110.4779,0.9139,38.8781,119.113,20.8324,0.5842,60.425,0.8496
Cover Drive,140.2119,0.6306,40.0619,135.8481,46.3638,0.895,44.0239,0.423
Cut Shot,76.9364,0.4839,34.7079,97.0371,31.8201,0.7796,11.2551,0.3177
Leg Glance,122.4778,0.1256,5.8912,115.0614,26.2741,0.8823,27.7277,0.4549
Leg Glance,131.4402,0.0816,14.451,132.2904,17.5979,0.9243,40.2211,0.4423
Cover Drive,126.5689,0.7919,17.3361,138.8622,43.9834,1.2821,19.1278,0.4385
Straight Drive,130.6309,0.5915,38.1674,137.8036,43.775,0.5984,79.2604,0.632
Straight Drive,132.9969,0.5133,43.6364,132.3998,58.1297,1.0646,74.8949,0.8429
Straight Drive,124.8125,0.8437,27.7044,166.6623,34.9185,1.3919,63.3546,0.5936
Pull Shot,104.8519,0.955,36.4338,114.2833,28.4706,1.2969,13.5815,0.1735
Cut Shot,82.3838,0.2848,40.7668,119.6694,6.5701,1.0204,11.5055,0.3915
Straight Drive,121.8298,0.6047,47.6729,156.2485,44.4769,1.173,66.0491,0.6866
Cut Shot,135.5296,0.1785,29.2952,133.1904,4.3671,0.3557,24.7002,0.3213
Straight Drive,130.4603,0.9386,22.7841,132.9355,42.788,0.9052,71.3824,0.6843
Cut Shot,63.5419,0.4063,28.0799,94.2907,22.2402,0.6937,11.631,0.3202
Straight Drive,138.6123,0.7204,51.5963,131.0695,40.0665,1.1006,56.4811,0.6391
Pull Shot,101.455,1.0983,41.2904,101.9883,45.719,0.7515,17.7215,0.3966
Cover Drive,125.9108,0.2643,23.355,109.0906,48.1031,0.7414,58.6166,0.5855
Cover Drive,140.7839,0.2898,6.7923,165.8643,18.4853,1.3811,39.9704,0.4078
Pull Shot,87.7941,0.7277,70.7797,111.865,10.037,1.1854,10.2001,0.14
Straight Drive,151.1489,0.6658,41.967,165.3821,55.0939,0.8443,72.4201,0.6414
Cover Drive,128.7235,0.5593,36.3979,166.5176,33.6872,0.8437,38.5424,0.5989
Pull Shot,137.4628,0.9494,38.3088,109.8043,28.5788,0.5782,26.3066,0.1858
Pull Shot,103.9181,0.89,76.1886,121.9347,34.1646,1.3181,8.6657,0.3773
Pull Shot,121.8926,1.1183,38.6528,97.9613,30.4288,0.8761,13.8543,0.2261
Leg Glance,118.3232,0.0559,27.8995,106.5975,31.7413,0.4731,17.2153,0.711
Cut Shot,91.308,0.3884,8.7637,126.5933,23.4183,1.2002,25.5192,0.3573
Straight Drive,115.6222,0.8629,39.5177,114.943,33.0208,0.5025,94.5753,0.8343
Cut Shot,127.1075,0.4515,34.9077,144.2378,22.6297,1.1187,13.0675,0.2503
Straight Drive,111.9844,0.7685,13.579,134.6377,57.8874,0.9075,73.1654,0.7791
Leg Glance,142.3665,0.3404,15.0095,103.8214,23.2309,1.2263,54.2303,0.5517
Cut Shot,102.4975,0.4908,16.7858,116.5222,22.2205,0.7669,11.8944,0.1615
Pull Shot,96.0706,0.6923,69.7159,85.8086,10.9588,0.7762,7.4291,0.3612
Leg Glance,135.834,0.4073,38.9324,102.1294,18.2813,1.026,41.9668,0.5483
Pull Shot,79.3373,0.7178,30.4075,121.8115,8.1801,1.4686,28.8063,0.2304
Pull Shot,136.65,0.7507,57.9229,105.0729,11.6071,1.073,26.4286,0.0868
Straight Drive,134.9501,1.0499,45.448,161.694,36.8321,0.6872,69.5153,0.6182
Cut Shot,92.1728,0.452,0.0,140.58,24.9432,0.9174,2.4495,0.1014
Cover Drive,132.037,0.3493,12.2704,129.9694,18.8268,1.0263,50.5483,0.7233
Pull Shot,79.6971,0.6747,68.3919,86.3149,12.2847,0.9414,24.1387,0.3547
Leg Glance,101.7904,0.3607,35.6224,110.5918,40.4897,0.2592,29.4107,0.3393
Leg Glance,135.0441,0.231,21.7745,134.6586,26.0099,0.828,27.742,0.5839
Leg Glance,149.1474,0.2923,14.0673,123.8677,39.479,0.9426,16.0152,0.6496
Leg Glance,130.2429,0.2533,38.4864,148.4621,38.2024,1.0434,25.8655,0.4504
Straight Drive,143.2429,0.8125,41.4683,136.0464,39.3804,0.6595,65.8379,0.7847
Straight Drive,105.1781,0.8806,47.1442,160.0098,29.5838,0.5467,72.8948,0.6576
Leg Glance,130.8432,0.3363,39.1092,134.3522,46.0102,0.735,23.1587,0.3988
Leg Glance,137.2312,0.2483,16.1233,132.0681,10.4316,0.3884,14.5502,0.6446
Straight Drive,155.5837,1.0082,42.6155,162.5861,29.7222,0.9842,68.0331,0.6259
Straight Drive,125.7658,1.0023,39.4933,147.3687,45.5117,0.4682,72.8517,0.8092
Pull Shot,77.8928,0.7281,50.7378,132.1008,13.2941,0.9328,9.9899,0.2979
Straight Drive,156.8715,0.9584,45.1369,148.9186,31.3997,1.1331,60.4362,0.7345
Leg Glance,100.8693,0.2125,7.3495,135.0936,30.0493,1.0369,28.8087,0.557
Leg Glance,133.701,0.1181,45.1274,160.8444,14.4369,0.7225,36.994,0.4962
Cover Drive,157.4768,0.4972,20.6087,155.019,37.2259,0.6038,25.2345,0.5716
Leg Glance,115.598,0.1414,44.7013,115.9795,8.5419,0.3518,23.7596,0.3855
Cover Drive,112.1826,0.6608,38.6011,151.3213,23.1183,0.8967,33.611,0.6483
Pull Shot,71.4111,1.0429,29.5151,84.4288,18.1608,0.699,13.2785,0.1907
Cover Drive,104.2495,0.3493,45.4438,151.6902,50.1945,0.8301,41.574,0.5561
Pull Shot,135.1151,1.1389,64.6655,125.7029,5.7375,1.112,6.9943,0.2039
Cover Drive,107.7349,0.773,54.4888,166.358,48.8225,1.5468,39.5312,0.6277
Cover Drive,97.1989,0.5847,31.8345,125.2997,27.7535,0.2492,28.2414,0.6702
Cover Drive,113.8063,0.5,50.4043,145.6327,25.1603,1.1763,28.3513,0.5241
Straight Drive,111.1447,0.9307,51.2463,126.2338,56.9689,0.8298,81.3528,0.7253
Pull Shot,119.8028,0.9409,66.027,99.1603,19.2184,0.6253,4.9239,0.2076
Leg Glance,124.982,0.1362,15.5757,157.0395,17.3001,0.5037,19.2519,0.3877
Cut Shot,114.2512,0.1219,19.0639,114.8373,30.235,0.5177,12.2177,0.1886
Leg Glance,123.8334,0.281,29.588,148.7597,38.6154,0.5336,33.4213,0.5972
Straight Drive,120.2333,0.9262,26.8777,151.9738,54.7145,1.0389,78.5384,0.7756
Leg Glance,137.6349,0.3162,13.3778,145.0423,8.7489,0.6877,22.969,0.6477
Pull Shot,123.321,1.0007,55.7718,114.1885,40.4622,1.1799,14.3898,0.0
Cut Shot,113.2437,0.2665,33.7989,105.2698,7.8151,0.7839,15.9914,0.2475
Cut Shot,81.1731,0.233,23.1601,134.7557,33.9378,0.7416,21.0423,0.0807
Cut Shot,108.8522,0.3022,17.5525,81.439,25.5024,0.3351,0.0,0.2402
Leg Glance,97.6609,0.267,7.4237,113.3282,18.7054,1.0338,15.9779,0.4345
Leg Glance,119.4502,0.5021,36.8187,100.7426,21.235,0.6923,27.8631,0.5201
Straight Drive,127.9593,0.7958,42.3966,152.9573,18.1599,1.1172,69.2,0.8266
Cover Drive,148.4841,0.459,24.8843,130.5701,35.0166,0.8425,39.4663,0.6451
Leg Glance,100.9079,0.3466,38.773,110.4096,33.3208,1.034,24.5207,0.4344
Leg Glance,135.1651,0.3098,11.4279,144.2519,41.0025,0.8585,47.0304,0.6496
Cover Drive,125.293,0.4614,34.0877,119.9714,30.0304,0.937,53.3597,0.6646
Pull Shot,70.6513,0.9657,41.8407,111.9821,41.0429,0.9264,27.5768,0.2936
Pull Shot,99.1372,0.6018,22.1018,124.8612,9.9505,0.7034,5.8733,0.355
Cut Shot,114.091,0.2118,38.3971,115.7734,37.9297,0.5273,15.3792,0.1392
Straight Drive,129.4368,0.6226,47.0782,161.6528,50.6913,0.7331,80.1994,0.8116
Pull Shot,73.7506,0.8956,49.026,89.9843,19.6163,0.6256,18.6483,0.1538
Cover Drive,146.9167,0.7018,35.9004,152.0974,50.2508,1.0131,45.4398,0.4919
Straight Drive,113.8986,0.549,30.1403,173.6279,34.1902,0.4503,80.8084,0.6907
Cut Shot,110.6861,0.2961,19.1262,130.4331,28.7321,1.0167,13.4248,0.2749
Straight Drive,118.3313,0.9929,46.302,127.7832,52.0398,0.6313,86.6445,0.6454
Cover Drive,102.7547,0.7508,22.7048,132.9492,21.4532,0.7864,40.7577,0.7621
Cover Drive,129.5446,0.2281,40.8249,117.2221,33.9158,0.4329,45.8086,0.458
Cut Shot,94.0322,0.2935,23.2272,117.5364,10.3963,0.9092,11.0106,0.1317
Straight Drive,112.4159,0.6394,16.5776,128.078,45.7156,0.6678,64.062,0.8291
Cut Shot,127.3578,0.5435,5.5929,97.2037,16.0029,0.2296,8.5908,0.2631
Leg Glance,139.3957,0.149,36.5918,149.6826,27.3089,0.8636,20.5673,0.5314
Cover Drive,103.2186,0.4008,23.2247,145.3249,21.4364,1.3339,42.9985,0.6162
Leg Glance,102.0954,0.0778,14.3053,116.6398,9.9412,1.1774,42.726,0.5005
Straight Drive,132.512,0.9348,13.3648,126.276,44.2091,0.9557,77.1856,0.5786
Cover Drive,125.727,0.3185,12.3967,160.2565,45.2044,1.0936,58.2094,0.4033
Leg Glance,110.2828,0.3412,26.9758,118.712,28.6494,0.8167,27.5725,0.4156
Straight Drive,147.9625,0.61,40.145,148.9849,58.5086,0.7103,68.2634,0.6833
Leg Glance,94.2361,0.3462,30.8229,138.9324,26.7264,0.4724,26.0299,0.4498
Cover Drive,151.6842,0.902,46.4313,112.8469,34.5767,0.502,50.4734,0.5115
Straight Drive,155.1521,1.0671,15.5439,149.6991,49.2882,1.3361,70.0733,0.6992
Cover Drive,127.4306,0.6598,35.9634,136.4864,37.6256,0.8744,55.9619,0.4568
Cut Shot,106.2061,0.2182,12.9788,103.9225,35.6094,0.758,28.4191,0.3669
Leg Glance,144.4292,0.1483,26.7099,133.5365,21.4455,0.8741,49.3378,0.5578
Cut Shot,102.6379,0.1661,9.7275,100.4388,13.0459,0.5344,22.5045,0.1517
Straight Drive,137.2649,0.9442,44.5667,123.2996,29.1052,1.2519,91.5055,0.7096
Cut Shot,73.5531,0.5224,24.7385,138.6058,6.2235,1.0991,22.5842,0.1958
Cover Drive,129.6007,0.5191,28.7928,148.2787,31.2933,0.7085,50.9657,0.5299
Pull Shot,118.4887,0.8953,23.434,94.9829,41.5564,0.5962,4.9027,0.1379
Cut Shot,79.4416,0.5372,35.9989,138.2269,26.0555,1.0126,5.894,0.1552
Leg Glance,142.7071,0.1977,31.4653,125.9159,41.3041,0.3707,39.298,0.6568
Straight Drive,147.2,0.7139,31.4925,167.0145,26.0394,1.1248,70.6355,0.7562
Cover Drive,147.9167,0.8652,24.1927,117.097,24.9357,0.5915,53.845,0.7783
Pull Shot,123.3349,0.9267,55.5363,108.9571,35.6228,1.0955,24.8752,0.2811
Straight Drive,134.8483,0.8225,34.5436,148.5127,23.7407,0.5462,71.6704,0.6978
Cut Shot,105.0059,0.1592,6.405,107.8084,40.5244,0.4992,19.3015,0.071
Straight Drive,117.2432,0.5069,18.0288,156.4685,28.0296,1.0426,68.3976,0.6268
Straight Drive,135.2534,0.5569,48.75,154.3088,52.8321,0.9462,85.1367,0.728
Straight Drive,107.9227,0.707,41.2359,151.5054,35.7945,0.4883,96.7688,0.4909
Pull Shot,128.8089,0.9079,66.0325,88.9547,10.5168,1.0641,11.2222,0.1148
Pull Shot,119.8911,0.8057,24.5987,98.5526,21.5041,0.8977,20.5014,0.2939
Cut Shot,102.6061,0.4471,29.1524,123.8181,23.7801,0.4606,29.6423,0.2319
Pull Shot,122.2807,0.7128,33.8409,96.3188,20.1924,0.438,10.0957,0.1619
Leg Glance,116.2858,0.0923,20.5801,136.3879,11.737,0.6503,26.2746,0.3726
Cover Drive,129.0632,0.9322,29.9336,133.2534,19.5093,0.7297,53.7506,0.6244
Cut Shot,83.5278,0.3316,35.6416,103.9377,36.5396,0.5821,29.8698,0.2057
Cut Shot,65.2908,0.5169,8.0576,97.5914,9.3154,1.0634,22.6122,0.2453
Straight Drive,147.0958,0.9075,23.5462,165.2057,40.524,0.6596,72.5065,0.5768
Cut Shot,124.7176,0.1656,23.5912,95.2524,38.2104,0.3882,12.3173,0.326
Cover Drive,108.7821,0.8968,12.8202,122.1793,38.9603,1.1468,46.2083,0.5352
Cover Drive,119.6833,0.5042,22.097,121.0845,35.4628,0.6771,35.1442,0.4979
Leg Glance,121.0807,0.3959,39.1829,121.5595,25.8954,0.8262,35.2132,0.6159
Pull Shot,127.4452,0.8046,51.9279,102.9426,34.5603,1.2481,20.1209,0.0291
Cut Shot,109.9734,0.23,17.221,113.2057,25.5647,1.1408,16.509,0.2772
Leg Glance,101.0538,0.2848,13.0767,102.2713,23.9615,1.1165,33.021,0.3979
Cut Shot,89.9429,0.457,8.6335,143.3609,7.9628,0.8799,27.8151,0.4272
Straight Drive,145.0841,0.5809,18.5668,146.0239,33.1559,0.5869,68.3147,0.7273
Straight Drive,130.8372,0.636,50.9754,133.4989,36.3354,1.0778,65.096,0.586
Pull Shot,65.3741,0.6454,76.7192,112.9098,34.3804,1.1184,23.8882,0.2743
Leg Glance,112.1504,0.1571,37.6842,116.5141,24.555,0.8372,45.8575,0.3821
Pull Shot,111.1184,0.5558,50.0045,97.5648,32.3118,1.5711,25.9165,0.219
Cut Shot,109.2252,0.4992,2.8444,135.3335,22.9002,0.4091,17.6868,0.0872
Cover Drive,121.3988,0.6346,43.5106,138.6956,29.4572,0.8371,40.6092,0.6598
Cut Shot,75.3871,0.2611,12.3038,83.8759,17.7391,0.9873,8.4495,0.1115
Leg Glance,129.2649,0.066,25.0495,159.2326,15.2792,1.1856,52.6466,0.5596
Leg Glance,129.9569,0.3892,22.146,113.2214,24.6849,0.8792,25.7317,0.4399
Straight Drive,118.9866,0.7641,38.8454,127.1986,29.056,0.5414,71.2119,0.6369
Leg Glance,120.6857,0.1631,24.1176,109.3374,27.4744,1.2854,47.0363,0.3385
Straight Drive,106.3367,0.7902,45.0096,138.7853,43.6614,1.2484,78.4667,0.7308
Straight Drive,105.3243,0.5633,25.416,155.3013,52.8538,0.4541,89.4257,0.8124
Cover Drive,152.339,0.3643,24.8497,144.5709,32.8148,0.8656,47.6612,0.7024
Pull Shot,130.794,0.9571,61.784,100.0899,20.9392,0.89,9.4878,0.237
Leg Glance,124.2146,0.2777,48.8102,128.0307,14.5035,0.8146,39.8086,0.609
Cover Drive,101.4083,0.8478,42.5566,138.7312,49.4413,1.158,50.2198,0.4282
Leg Glance,96.6068,0.057,10.031,121.3523,15.8739,1.0086,25.1459,0.4514
Pull Shot,119.3774,1.0431,27.8293,101.0326,30.6729,0.6899,24.9854,0.2643
Pull Shot,80.3349,0.7831,54.2215,106.6141,29.6306,0.7962,18.5556,0.1229
Cover Drive,98.7068,0.8709,16.1734,147.4173,17.1802,1.2871,49.3929,0.7357
Cut Shot,80.9037,0.1662,29.7516,136.2131,11.2422,0.8686,6.3614,0.0843
Cover Drive,100.302,0.5622,61.9249,168.112,51.1989,1.0829,43.8199,0.7565
Cut Shot,76.7979,0.4394,32.4582,101.0758,18.1079,0.4975,19.5654,0.1594
Pull Shot,106.034,1.0357,43.9478,104.5088,31.066,1.6508,12.732,0.0363
Pull Shot,79.2782,0.8909,45.736,88.6336,38.0384,1.2665,23.9369,0.1152
Leg Glance,133.2547,0.1985,30.0839,106.6478,18.0531,0.8502,35.7535,0.7317
Cut Shot,83.4398,0.3792,29.131,125.0308,12.0165,1.1226,32.548,0.1946
Straight Drive,149.297,0.7987,45.441,155.4966,30.1426,0.9041,78.6059,0.6337
Pull Shot,77.3265,0.8546,27.4289,106.5004,21.0548,1.5711,20.8375,0.1611
Cover Drive,104.9029,0.7774,46.7996,129.6133,44.9583,0.5653,23.4577,0.4379
Straight Drive,135.0981,0.6281,49.4585,158.5049,43.1,1.1852,59.3165,0.8287
Cut Shot,74.1032,0.4461,10.0948,122.9293,29.4043,0.8575,6.054,0.2949
Pull Shot,113.7119,0.6759,57.2346,87.2459,41.2622,0.837,30.5713,0.2397
Cover Drive,100.381,0.2631,18.904,131.8074,41.2721,0.8022,51.771,0.5137
Straight Drive,127.6979,0.5221,27.7659,158.8676,30.3588,1.1056,76.9194,0.6893
Cover Drive,149.4047,0.7063,51.4487,160.2517,33.6265,0.8374,43.0736,0.6259
Straight Drive,111.3349,0.8256,9.9794,152.185,42.1768,1.0847,87.2449,0.681
Leg Glance,144.9446,0.0293,28.289,119.6077,16.4773,0.5481,41.2704,0.3933
Pull Shot,84.0067,0.8829,38.9124,84.0124,41.183,0.9967,15.7382,0.2462
Leg Glance,105.195,0.0863,40.6217,130.6461,11.6003,0.6863,49.4521,0.3036
Leg Glance,119.605,0.2382,23.6054,132.527,26.8912,0.3214,15.5682,0.5733
Cut Shot,104.1111,0.2552,4.3091,122.552,12.6849,0.5514,17.7691,0.3389
Straight Drive,158.1811,0.7198,39.6483,130.0325,26.0179,0.4111,76.4356,0.7017
Cut Shot,95.6875,0.1938,13.2687,124.2383,25.9066,0.5778,18.5451,0.183
Cut Shot,85.0037,0.177,26.4883,105.9972,33.7404,1.0793,19.7706,0.2441
Cut Shot,73.0141,0.2886,22.3951,124.3359,27.2292,0.867,19.6167,0.3843
Cut Shot,70.1689,0.28,17.4349,124.6665,7.373,0.4343,25.4143,0.1965
Cover Drive,120.2465,0.4593,32.5517,129.5026,22.9203,1.1358,45.5116,0.7175
Cover Drive,126.1339,0.8322,28.9594,139.8156,39.1393,1.4927,26.0903,0.7915
Pull Shot,124.3625,0.775,70.8093,89.2091,33.3572,0.5122,12.9911,0.1664
Straight Drive,161.9336,0.7118,46.457,148.4677,22.6797,0.8339,73.8971,0.7756
Straight Drive,121.1673,0.9079,47.6371,147.5164,27.9724,0.5311,85.6031,0.5619
Straight Drive,107.0169,0.7381,17.8403,164.412,36.0952,0.5784,61.2122,0.7686
Straight Drive,129.0869,0.6377,35.6364,162.1265,24.9355,1.0101,52.8581,0.7506
Straight Drive,161.791,0.5407,38.6654,166.6299,39.7702,0.8705,56.5491,0.6741
Pull Shot,86.8268,0.8533,45.765,84.7212,16.3486,0.4987,25.3856,0.0445
Cut Shot,112.3319,0.362,19.4673,131.295,32.1244,1.0106,13.8479,0.3843
Cut Shot,62.6679,0.3384,19.7268,116.2004,30.5384,0.2113,7.8841,0.1107
Straight Drive,125.3355,0.5669,25.6267,166.0163,29.115,1.1528,84.4725,0.812
Cut Shot,123.7713,0.3044,32.9656,124.0697,22.733,1.0813,20.5619,0.349
Pull Shot,107.2975,0.9798,47.5366,94.9759,33.1692,0.9865,8.0372,0.0738
Cut Shot,90.3396,0.3567,19.0874,110.7115,30.8941,0.3853,11.1785,0.2224
Leg Glance,89.2908,0.0735,33.3245,135.8958,18.4183,0.5911,21.6356,0.5551
Leg Glance,102.5133,0.353,32.8464,134.3482,26.2792,0.6168,50.7908,0.415
Pull Shot,93.6735,1.0599,43.8124,83.0451,27.4832,0.9196,30.245,0.1092
Pull Shot,114.4716,0.5887,47.5797,135.9005,29.7165,1.0104,19.7575,0.3207
Leg Glance,125.3891,0.2046,27.7664,112.4736,40.1529,0.9301,36.3082,0.5182
Cover Drive,112.1223,0.5666,54.8042,129.9428,39.2439,1.0229,31.1069,0.5664
Leg Glance,150.193,0.2554,26.2983,102.9688,9.3241,0.592,32.6972,0.5226
Leg Glance,148.6339,0.1394,36.9772,124.0381,30.3522,0.4376,50.4837,0.5446
Pull Shot,99.0215,0.7683,28.7949,103.7469,35.2701,1.1968,23.629,0.1688
Straight Drive,133.7774,0.494,39.6397,148.8781,39.0846,1.1479,78.4707,0.7231
Straight Drive,109.2748,0.528,45.9917,159.7417,26.6905,1.1047,69.2811,0.655
Cover Drive,110.1632,0.7223,4.1464,119.6121,41.158,0.7575,45.2817,0.6919
Cut Shot,108.4929,0.2375,11.9188,127.1408,31.9895,0.8277,13.4386,0.1907
Cut Shot,67.5304,0.2526,1.8695,101.7892,24.0525,0.5362,20.2252,0.0277
Cover Drive,96.5226,0.7613,16.6271,125.84,51.0679,0.8186,22.8657,0.3755
Straight Drive,157.1523,0.6906,20.8147,157.3259,36.9526,0.8888,63.769,0.8702
Cut Shot,123.4596,0.1241,23.5885,142.6228,31.9745,0.7529,18.594,0.3159
Pull Shot,126.2945,0.6498,60.479,94.8197,17.4654,0.8061,18.7917,0.2414
Straight Drive,124.3003,0.9269,39.8704,163.5945,41.4338,1.4783,81.8959,0.8012
Straight Drive,106.5468,0.5059,30.3525,160.1594,28.0969,1.4077,68.8094,0.555
Cover Drive,118.259,0.3614,23.7747,99.0271,42.7936,1.01,56.3095,0.7941
Cover Drive,152.7286,0.3572,45.0358,168.4757,52.3974,0.9285,24.0699,0.709
Cover Drive,98.074,0.3755,20.8484,114.9539,47.3886,0.7089,35.0676,0.5941
Straight Drive,159.3121,0.8084,21.3142,154.2557,37.6483,0.3899,66.7915,0.6146
Cut Shot,120.1269,0.2913,15.8028,134.1754,36.2488,0.8757,14.339,0.1696
Cover Drive,150.8813,0.7221,52.7379,135.1793,40.9925,0.8323,46.5409,0.5432
Leg Glance,132.7435,0.2281,3.8312,117.4194,43.6248,0.2987,32.8484,0.5275
Pull Shot,80.8821,0.7814,37.6781,97.3289,40.8239,0.2868,4.297,0.2315
Leg Glance,93.5841,0.2374,10.7795,107.5406,42.1165,0.9346,45.897,0.3899
Cut Shot,127.3279,0.2818,10.0433,112.1854,29.915,1.011,0.0,0.3241
Straight Drive,118.0823,0.7177,29.9689,132.9591,31.6557,0.7981,70.434,0.7536
Leg Glance,134.5603,0.0868,3.5966,123.9343,15.2214,0.3641,25.9506,0.3973
Leg Glance,102.6883,0.0889,29.2632,111.6343,29.8008,1.1954,46.6417,0.4765
Leg Glance,110.703,0.2788,33.5776,148.6797,42.1218,1.1361,28.1915,0.4427
Cut Shot,114.4633,0.4085,21.2117,100.4165,19.0827,0.6318,11.5918,0.1967
Straight Drive,143.3844,0.8183,26.4057,161.9287,39.5833,1.0622,60.1634,0.8744
Leg Glance,124.538,0.0532,26.7969,99.573,37.5017,0.3408,10.1518,0.6019
Straight Drive,164.9407,1.0093,32.2695,149.7543,41.2942,1.0105,74.4058,0.7493
Cover Drive,147.6334,0.8537,21.9643,147.1114,32.1019,0.9792,47.7442,0.6076
Pull Shot,103.5132,1.0268,61.1527,78.4799,25.862,1.1822,10.2891,0.1753
Cut Shot,106.3456,0.3137,10.5308,113.3535,25.5117,0.9755,3.3389,0.2439
Straight Drive,157.8569,0.9399,27.1678,158.241,47.2511,0.9048,77.8291,0.6835
Cut Shot,71.9253,0.2822,34.569,130.8381,33.6825,0.8925,19.4009,0.415
Cover Drive,104.2693,0.5022,31.1327,116.689,36.4524,0.7828,63.6063,0.6087
Leg Glance,106.8499,0.1606,24.6501,120.6956,38.6341,0.5537,39.4684,0.4568
Straight Drive,136.9564,0.9352,36.8592,134.3035,51.1925,0.6329,78.3512,0.556
Cut Shot,105.8505,0.2724,28.2693,140.2909,20.8144,0.2816,24.7526,0.2849
Pull Shot,82.1641,0.9342,68.0827,119.5433,30.0749,0.8072,1.5635,0.0975
Cover Drive,133.4291,0.5574,30.2789,171.4612,15.6441,1.2993,39.8046,0.646
Cover Drive,121.0409,0.6103,20.3003,169.1268,54.0571,0.8948,34.3225,0.4501
Cut Shot,120.865,0.5163,38.126,90.9186,32.741,0.8114,26.7549,0.3883
Cover Drive,113.0441,0.5235,42.1548,117.006,37.2437,1.1761,38.8831,0.5282
Straight Drive,150.7383,0.6635,31.2388,125.3325,35.5918,0.7244,65.4492,0.6691
Cover Drive,112.9392,0.3353,51.9686,125.5605,38.7894,0.4487,26.8738,0.7451
Pull Shot,102.1294,0.6592,51.9226,109.0083,20.8889,1.4109,10.3297,0.1067
Cut Shot,91.9115,0.2824,33.5449,129.4043,14.6917,0.2336,19.6194,0.2452
Cut Shot,121.127,0.23,31.1593,118.1548,32.5845,0.5929,8.3136,0.259
Cut Shot,121.3305,0.6112,13.4335,122.1792,37.8238,1.0677,12.5803,0.1513
Cover Drive,145.6642,0.8005,48.0628,121.1671,29.6548,1.1858,39.4331,0.441
Cut Shot,120.0517,0.4953,6.1424,127.949,31.1475,0.6215,16.9554,0.198
Pull Shot,77.4925,0.9196,35.8667,85.7678,14.9642,0.9983,16.4625,0.0936
Straight Drive,138.1848,0.5984,22.1375,159.7566,34.6046,1.3281,94.1994,0.74
Pull Shot,124.404,0.6716,46.4595,101.3028,30.1594,1.0003,10.0383,0.3241
Cut Shot,102.3745,0.1963,19.863,95.8578,10.97,0.6672,11.8555,0.1702
Cut Shot,87.3884,0.199,2.9527,117.0341,12.5094,0.4011,27.3968,0.1944
Leg Glance,101.884,0.2158,15.7492,124.5752,41.3719,0.586,31.3816,0.4
Pull Shot,94.6119,0.9199,40.9834,110.8693,28.9853,1.2169,5.9883,0.3046
Straight Drive,144.8183,0.5247,38.2445,117.9134,57.7726,0.9394,81.6381,0.6707
Leg Glance,125.1347,0.236,45.2407,124.3696,34.9088,0.5767,15.7926,0.5386
Cover Drive,110.751,0.3708,19.7637,102.5119,21.3112,0.5787,43.609,0.4351
Straight Drive,138.8099,0.702,41.6163,134.0389,29.7267,1.3474,72.8453,0.6423
Cover Drive,152.4831,0.5547,41.2467,145.0919,45.6212,1.0795,36.6548,0.5035
Straight Drive,151.7618,0.6646,25.7194,121.99,45.5687,0.9005,76.5818,0.5508
Cover Drive,107.4239,0.2466,35.5013,124.5241,49.2642,1.0523,38.9004,0.5171
Pull Shot,92.1796,0.7463,40.5747,113.731,37.8003,0.5681,17.5466,0.2505
Leg Glance,120.4278,0.2742,24.5189,133.1198,16.3516,0.5033,27.8597,0.3426
Leg Glance,140.1387,0.0082,42.1733,126.9444,24.9093,0.9089,9.6638,0.6509
Leg Glance,143.0238,0.0792,47.7355,139.7712,11.1108,0.9807,31.8217,0.3056
Cut Shot,116.1685,0.2245,25.2752,111.7906,9.5627,0.6844,29.4343,0.1168
Pull Shot,94.481,0.9338,40.4935,87.4849,36.1944,1.4792,3.4467,0.3286
Cover Drive,112.6619,0.5857,56.9897,113.3034,50.2693,0.4253,26.8289,0.6096
Leg Glance,127.2742,0.0399,39.6077,125.7537,42.5248,1.1895,32.1419,0.5059
Pull Shot,121.0738,0.7182,36.1907,121.5757,15.9668,1.4851,29.3345,0.301
Leg Glance,95.3513,0.1352,14.9185,141.0632,37.8064,0.5359,39.6327,0.6535
Pull Shot,135.6426,0.9781,60.2015,112.1996,31.2204,1.6996,6.6255,0.416
Leg Glance,131.744,0.0689,23.6062,100.3538,40.8259,1.0914,30.0766,0.5867
Pull Shot,122.3689,0.7515,22.6277,92.3554,36.0374,0.8492,12.0376,0.2099
Cut Shot,128.4606,0.21,22.1447,142.3132,38.5532,0.4606,11.5388,0.3743
Pull Shot,96.472,1.1567,52.9759,106.7852,35.9996,1.0367,25.9059,0.2648
Leg Glance,117.2534,0.424,35.9265,125.9814,40.3347,1.1538,49.8667,0.6288
Straight Drive,156.0252,0.8903,43.9326,161.3161,26.6962,0.801,62.9622,0.6529
Cover Drive,133.6577,0.9002,21.0323,139.7935,31.6576,0.7746,48.8642,0.5085
Leg Glance,115.2996,0.2053,13.2027,150.7575,20.8093,1.1712,24.2114,0.6316
Cut Shot,109.9597,0.5259,33.1082,88.4853,18.0513,0.8883,25.0987,0.1805
Cover Drive,150.1309,0.348,37.1399,144.7263,27.9198,0.5872,23.923,0.6369
Leg Glance,136.5062,0.1387,29.6298,98.1486,19.4728,0.4098,37.8793,0.5291
Cover Drive,132.6907,0.6404,17.219,153.5322,41.1342,1.1732,46.8147,0.4965
Straight Drive,108.4466,0.4911,30.4203,142.457,24.2608,1.1539,87.5165,0.7685
Pull Shot,113.4125,0.9766,25.1764,104.2542,28.084,0.7893,32.6432,0.0326
Leg Glance,117.1757,0.3151,13.0288,106.1406,26.3941,0.7018,19.7135,0.4838
Leg Glance,108.3102,0.261,14.5743,144.1413,42.9206,0.7741,21.1586,0.5829
Leg Glance,99.3216,0.0353,27.1374,146.1662,42.5803,0.5869,42.1643,0.4513
Cover Drive,135.0254,0.853,43.8199,160.5194,37.3633,1.4544,41.6405,0.5981
Straight Drive,142.3397,0.5892,22.016,149.2235,60.7792,0.5277,67.8301,0.6897
Leg Glance,117.2329,0.1935,27.1042,140.4237,41.3814,0.8794,29.0768,0.2765
Cover Drive,102.2522,0.6075,32.8073,112.3388,46.4975,1.2669,19.4467,0.4168
Leg Glance,93.2966,0.2443,19.0544,114.0671,37.2345,0.3633,40.5716,0.6345
Straight Drive,105.8652,0.8681,36.1476,137.8873,26.8072,1.1122,63.6578,0.5858
Cut Shot,84.7144,0.2334,3.1908,90.7071,21.2548,0.8265,5.126,0.1425
Straight Drive,108.3045,0.7099,41.8302,124.3564,48.0946,0.9762,75.5499,0.6563
Cut Shot,77.0504,0.2465,16.2566,120.2918,19.8954,0.2834,30.0469,0.3885
Leg Glance,136.6123,0.258,32.4709,119.2057,42.7299,0.708,14.5612,0.4436
Cut Shot,122.2998,0.5443,6.7848,133.2771,14.1845,0.7865,13.4519,0.117
Straight Drive,158.5955,0.5169,34.1064,159.6465,40.8163,1.2254,70.5746,0.5818
Straight Drive,140.854,0.517,21.5165,150.3107,49.0105,1.3117,67.7965,0.7232
Leg Glance,122.1147,0.0663,26.7701,136.2585,42.9325,0.5832,19.16,0.3251
Straight Drive,151.0703,0.8482,43.1991,163.2583,48.3685,0.9467,64.0345,0.7143
Cut Shot,129.8041,0.2081,23.3597,124.6256,3.1795,0.8011,18.7096,0.1805
Cut Shot,79.7469,0.3653,0.0,85.9617,6.5281,1.1016,8.9297,0.2571
Cut Shot,123.0514,0.522,21.6638,94.3865,36.9763,0.407,23.3523,0.131
Straight Drive,121.6141,0.8682,53.4572,164.0135,14.8741,0.8013,69.7069,0.6463
Pull Shot,102.2514,0.7061,24.9857,100.8192,8.9303,0.4266,16.0528,0.1176
Cover Drive,136.3322,0.2574,15.6401,112.9377,28.7611,1.2354,52.4689,0.5254
Cut Shot,93.3969,0.3178,4.3559,130.3318,35.0884,1.0592,2.6004,0.3516
Straight Drive,139.2596,0.8598,33.0291,113.9893,31.5744,0.7199,74.9796,0.6146
Pull Shot,121.5047,0.7288,61.4359,92.9184,32.8392,1.6378,7.7991,0.2968
Pull Shot,83.1532,1.1091,49.3942,110.8904,8.0378,0.979,14.2928,0.2668
Pull Shot,96.8555,0.7735,54.6968,78.0571,15.7584,0.6766,20.2436,0.0667
Pull Shot,115.4416,0.9401,34.6183,118.7002,14.1418,1.5623,15.4069,0.1032
Cut Shot,123.8013,0.5102,8.4869,109.3243,18.2173,1.0073,4.2899,0.2071
Cut Shot,82.8303,0.1792,28.0623,107.727,27.1981,0.7628,14.9012,0.3533
Straight Drive,114.8352,0.7506,15.775,143.6878,44.0711,1.0059,63.6342,0.6929
Pull Shot,131.9136,1.0288,36.708,121.2716,17.0074,0.5428,27.8235,0.1108
Cut Shot,73.3665,0.1697,42.3598,105.8199,16.9432,0.8196,27.6139,0.1233
Pull Shot,112.0575,0.73,66.0988,108.5517,18.2842,0.6944,20.5817,0.3181
Straight Drive,104.3618,0.6378,44.8713,117.8084,29.5166,0.6649,63.7296,0.8245
Pull Shot,98.1008,1.0846,57.4654,80.7068,26.3797,0.9363,19.2294,0.1806
Cut Shot,105.3165,0.4585,19.372,93.6807,25.9891,0.7889,10.9374,0.175
Cut Shot,118.2196,0.4569,12.7842,121.9512,24.6842,0.7594,10.0523,0.3325
Pull Shot,82.8246,0.643,52.2183,77.8859,40.52,1.6397,15.5316,0.2773
Straight Drive,151.8296,1.0519,39.4832,144.5697,55.0843,0.9756,62.969,0.7174
Cover Drive,90.7746,0.6591,27.8546,151.6985,26.44,0.8696,30.9493,0.6043
Pull Shot,115.5173,0.9065,36.0427,115.0624,34.4329,1.2208,20.9352,0.3091
Pull Shot,92.6391,1.0223,51.9544,100.6542,12.0192,1.6133,13.3706,0.2988
Pull Shot,108.0257,1.016,49.6039,113.7312,26.0356,1.4781,38.2016,0.1375
Cut Shot,131.8732,0.1861,19.2193,94.9959,11.7831,0.9536,24.5569,0.1734
Cover Drive,144.4041,0.7291,31.5756,120.2224,45.6517,0.9602,51.1565,0.7309
Cut Shot,93.6082,0.4627,14.4103,110.357,25.1067,0.2665,19.7592,0.3405
Cut Shot,83.5837,0.2069,20.1373,102.3289,17.2108,0.8274,27.0977,0.1924
Cut Shot,91.2857,0.3354,14.8863,80.4282,7.2298,0.6674,2.8202,0.0963
Straight Drive,133.1434,0.8193,43.3806,138.4532,40.4412,1.2299,77.2267,0.7536
Cover Drive,154.2148,0.8095,36.2839,147.2862,38.4931,0.9926,54.7206,0.4221
Cut Shot,87.7264,0.4105,29.9596,144.2494,24.2473,0.5966,7.8616,0.2512
Cover Drive,129.3953,0.3838,27.3152,114.582,56.434,1.4522,59.4949,0.5355
Cover Drive,140.0721,0.5847,9.6159,142.641,37.3906,0.8551,46.6851,0.5488
Pull Shot,129.9933,0.7163,51.2163,116.6389,28.9186,1.4679,11.3008,0.2724
Pull Shot,69.0427,0.9324,56.7181,98.3107,29.8474,1.202,10.5267,0.2145
Cut Shot,88.8829,0.2142,37.1713,136.8515,23.963,0.5501,10.1704,0.1782
Pull Shot,128.2352,0.7204,36.108,116.6929,21.2585,0.5112,11.1087,0.3
Cover Drive,116.2822,0.4971,40.4563,164.9765,43.0899,0.4597,60.1501,0.6098
Leg Glance,130.5975,0.3078,48.6286,145.1178,10.6477,0.8564,34.6147,0.3281
Pull Shot,116.8646,0.9919,45.4431,91.7053,22.7705,1.5254,15.657,0.3532
Cover Drive,100.8062,0.2745,33.1433,156.1861,50.1346,1.3698,36.851,0.4959
Leg Glance,114.3964,0.2258,5.0655,125.4066,21.8879,0.6253,14.6103,0.3989
Straight Drive,120.6483,0.6496,30.4637,133.6597,32.3794,0.3712,68.2245,0.5988
Leg Glance,142.4044,0.1699,43.8902,102.4674,43.4404,0.6194,45.2794,0.3337
Cut Shot,104.3022,0.3167,34.5101,118.3225,34.5553,0.4171,15.6414,0.3276
Leg Glance,117.8986,0.4717,14.4412,121.4003,26.5746,0.8564,27.3931,0.448
Cover Drive,147.1641,0.6264,27.7185,106.1528,31.9833,0.9698,34.7711,0.4165
Leg Glance,144.4418,0.0322,21.9238,149.9564,22.1198,0.64,28.3677,0.3119
Cut Shot,118.3782,0.4562,34.1659,96.9623,19.181,0.3303,15.9326,0.2168
Leg Glance,103.2719,0.1766,15.037,151.0134,17.2363,0.5015,51.4078,0.5402
Cover Drive,135.9154,0.5544,32.8391,154.3086,20.9177,1.4602,53.1081,0.6406
Pull Shot,103.8779,0.6048,40.1359,100.9908,15.1099,1.6125,17.5875,0.1576
Straight Drive,153.7531,0.5897,26.6581,165.7335,30.0529,0.9191,59.0092,0.6097
Cover Drive,97.4435,0.5339,24.2951,119.1999,53.7031,1.4758,26.3574,0.6964
Cut Shot,104.3544,0.1683,21.7447,144.7283,36.5415,0.6084,7.493,0.1335
Cut Shot,112.897,0.5837,36.4435,111.0417,8.1359,1.0842,22.6601,0.1769
Cut Shot,88.7519,0.4101,16.8522,86.8191,30.1448,1.2245,16.6047,0.2454
Leg Glance,126.6031,0.3131,47.0222,139.9162,19.144,0.8622,45.3916,0.3341
Pull Shot,90.7971,0.6289,69.6632,127.3431,16.7721,0.8567,9.674,0.2848
Straight Drive,161.0401,0.5854,39.4712,167.185,25.6937,1.3427,64.2384,0.7586
Leg Glance,138.0006,0.3021,24.6541,140.7178,26.3166,0.9093,17.1243,0.5881
Cover Drive,142.9516,0.4813,29.044,132.0917,31.2377,0.8174,33.6888,0.7286
Pull Shot,123.7064,0.8229,50.1759,99.7043,9.6857,0.7743,26.522,0.2242
Leg Glance,109.3755,0.0038,8.0285,152.0122,33.9632,0.4513,32.3563,0.4882
Cut Shot,80.1574,0.2832,19.596,101.8277,14.1485,0.3683,4.5719,0.0345
Pull Shot,122.975,0.9909,40.3395,104.4812,26.8984,0.7624,0.0,0.0372
Cut Shot,82.3159,0.3657,11.8769,87.2859,18.4827,0.8472,16.6757,0.2617
Straight Drive,142.4915,0.7882,35.5834,126.6403,47.0924,0.7455,90.3674,0.7635
Pull Shot,110.5904,1.0786,31.7853,103.6515,39.2717,0.8421,28.5294,0.2372
Pull Shot,79.1161,0.6191,64.143,73.6581,19.557,1.0223,11.7117,0.2742
Straight Drive,140.0724,0.7608,15.9672,145.8334,45.241,0.4505,89.1661,0.8029
Cut Shot,105.0705,0.4893,5.6246,111.7592,23.3308,0.8573,27.9502,0.2795
Straight Drive,124.9006,0.7564,48.6743,166.3782,14.55,0.4817,74.9336,0.6552
Cut Shot,130.7971,0.2908,21.5682,94.8281,14.9593,0.7315,15.6387,0.3132
Leg Glance,109.3696,0.1817,21.1561,138.5586,7.9,0.4883,30.0682,0.477
Cover Drive,101.0795,0.7861,48.3996,141.796,19.6262,1.1128,36.4021,0.6357
Leg Glance,118.8592,0.2027,4.7687,126.1609,24.4656,1.0215,17.5497,0.3674
Leg Glance,93.221,0.3189,12.7257,131.056,46.2073,1.2352,32.5843,0.3666
Straight Drive,138.1169,0.6245,37.3074,124.5672,52.4526,1.1876,91.3191,0.6316
Pull Shot,104.7034,0.9684,49.4025,92.8063,34.9688,0.8354,15.2024,0.2463
Leg Glance,127.1208,0.3066,26.8737,126.5401,21.13,0.8722,16.7495,0.3018
Leg Glance,122.3392,0.0509,7.7122,128.4182,21.6515,1.1552,24.9678,0.4119
Pull Shot,75.1051,0.6591,74.6495,90.263,17.9737,0.7861,9.8018,0.225
Pull Shot,85.0529,0.7142,60.9824,116.7992,36.9953,0.866,14.6024,0.2515
Leg Glance,103.8719,0.2699,9.5013,119.75,19.8465,0.9442,18.7044,0.3408
Pull Shot,69.8112,0.8475,61.0233,87.3832,25.4466,1.0289,17.6417,0.2419
Cover Drive,143.6934,0.6018,45.1321,126.4643,35.1433,1.3335,40.9819,0.4922
Pull Shot,93.8564,0.9138,52.7793,108.2729,17.992,1.2077,9.5598,0.3332
Pull Shot,77.2336,0.7848,45.0423,123.7726,38.7411,0.9676,12.0297,0.3191
Leg Glance,96.2834,0.1842,16.142,101.1875,45.4183,0.6117,35.7985,0.5158
Cover Drive,97.2044,0.8437,15.7212,161.1303,23.6117,0.9842,55.061,0.5266
Cut Shot,110.6719,0.1359,11.0775,135.2,25.0758,0.678,0.8441,0.1033
Leg Glance,110.9022,0.3207,27.0683,124.2547,11.1711,1.2276,46.9579,0.3805
Leg Glance,142.9591,0.1548,28.7972,161.8151,36.9766,1.2179,32.7238,0.6344
Leg Glance,100.3897,0.2445,9.0411,151.9816,44.3792,1.1591,38.6204,0.5779
Straight Drive,133.7658,0.9846,49.7733,133.5066,51.1515,0.9945,57.4566,0.7291
Straight Drive,145.5824,0.8761,53.4139,114.8125,47.1883,0.6397,92.7289,0.654
Leg Glance,115.1534,0.3933,16.8063,105.3203,41.1084,0.8387,42.5904,0.5855
Cover Drive,120.0257,0.2952,66.2909,103.0302,26.7432,0.5059,53.5872,0.7108
Pull Shot,101.3154,0.6758,27.4844,84.9292,25.8152,0.8858,16.3625,0.1211
Cut Shot,85.4575,0.2446,16.0335,116.8066,28.6728,0.6311,8.8728,0.2536
Cut Shot,104.2846,0.3281,38.608,120.2457,30.8457,0.763,5.5873,0.1606
Cover Drive,138.5104,0.3376,28.2052,160.6308,25.8653,0.9047,50.8241,0.648
Pull Shot,79.3155,1.0012,29.9934,101.66,7.2832,0.5783,20.6512,0.2912
Cut Shot,88.071,0.4739,24.4754,129.5537,38.8248,0.7182,17.4056,0.3341
Cut Shot,76.1893,0.3805,30.4712,136.4754,31.5096,1.0463,10.5214,0.263
Straight Drive,138.0341,0.7675,35.8733,130.8249,26.9471,1.2132,64.165,0.5911
Cover Drive,120.7933,0.6376,26.2746,150.5387,46.6387,0.8084,27.3218,0.5856
Cover Drive,125.4968,0.3848,40.9248,119.27,49.3084,1.234,50.9644,0.4801
Pull Shot,96.8204,1.0116,45.7914,103.1298,34.6241,1.2172,24.3893,0.1929
Cut Shot,119.1772,0.3191,18.2337,128.8537,24.209,0.7716,10.3159,0.0865
Cover Drive,113.5948,0.8795,44.3685,119.0087,36.7769,1.2664,43.2979,0.6075
Cover Drive,135.7492,0.663,34.8526,156.7381,46.2535,0.5021,56.9661,0.5155
Leg Glance,135.8354,0.1739,12.835,153.3148,40.8719,0.6047,25.126,0.3395
Straight Drive,125.2742,0.5621,26.0442,140.2598,37.2966,0.7542,66.9022,0.7712
Straight Drive,144.9831,0.6504,49.8425,121.089,55.4878,0.5636,89.0542,0.6519
Leg Glance,140.9994,0.1613,27.0061,120.3944,40.8564,0.3821,23.5766,0.5025
Leg Glance,145.2898,0.224,42.6255,118.2646,28.1027,1.0788,45.0638,0.4466
Cover Drive,112.1724,0.5991,52.1998,127.1981,54.8315,0.5295,34.092,0.5003
Cover Drive,131.7118,0.7397,43.935,113.4801,16.8756,0.7824,24.8587,0.6089
Pull Shot,92.8731,1.0386,59.1939,91.9356,29.3068,1.1545,23.63,0.0729
Cut Shot,115.3531,0.4722,26.345,134.3622,28.0163,0.2154,28.0451,0.1647
Pull Shot,78.5109,0.8009,48.6388,93.9137,13.4208,1.2434,3.6068,0.3202
Pull Shot,85.9715,0.7365,54.2477,129.0623,32.2108,0.5323,15.109,0.2389
Leg Glance,93.9001,0.117,25.5398,139.15,25.9173,1.1838,53.9816,0.6312
Straight Drive,130.8288,0.6195,24.7357,134.1168,17.4207,0.82,86.0713,0.7809
Pull Shot,105.8114,0.6931,58.1697,100.2656,32.5858,1.5765,10.6174,0.1625
Cut Shot,93.4535,0.3242,31.1458,150.8802,13.794,0.9428,13.98,0.3792
Cover Drive,148.8346,0.4411,38.1576,113.7966,40.4096,1.2656,40.4549,0.4608
Pull Shot,124.6344,0.7747,34.2644,107.8114,36.3296,0.7199,20.9648,0.0511
Pull Shot,105.1123,0.9447,69.4208,90.7874,13.4275,0.6767,15.0695,0.1733
Cover Drive,134.5096,0.7058,43.6097,150.8833,50.5571,0.6401,51.9746,0.6291
Straight Drive,125.2793,0.8465,24.7938,129.6566,53.3618,1.2299,58.6465,0.5997
Pull Shot,90.421,0.9658,45.6732,110.5968,34.8187,0.8118,16.7805,0.2722
Straight Drive,116.3778,0.5981,25.0575,118.6535,44.0979,0.6407,83.2565,0.8566
Straight Drive,106.2043,0.8776,45.4908,147.3385,56.8718,0.5352,83.7403,0.6558
Cut Shot,68.1896,0.1834,10.5334,93.623,6.8482,0.7439,12.0433,0.2864
Leg Glance,120.3364,0.2851,12.6072,105.8494,23.7127,1.1753,24.7852,0.6669
Pull Shot,121.9764,0.9961,25.0362,93.1416,15.3847,0.8516,0.0242,0.2376
Cover Drive,118.5252,0.5285,40.8244,150.8661,46.4502,1.1116,43.2287,0.6443
Pull Shot,127.4377,0.9392,61.5732,84.6916,33.9344,1.0457,19.0959,0.058
Leg Glance,129.2516,0.275,53.3881,93.556,17.2979,0.4523,23.2609,0.3125
Straight Drive,159.649,0.7,48.3894,153.5868,40.4353,0.5842,66.465,0.6258
Cover Drive,110.9447,0.4137,32.4373,110.7428,47.9941,1.3059,49.0095,0.4693
Pull Shot,94.9892,0.8313,39.8781,94.7533,26.6629,0.581,0.0,0.2465
Straight Drive,147.618,0.576,50.32,142.9189,32.4834,0.7664,75.7754,0.5517
Straight Drive,122.3104,0.4671,57.4948,134.0366,39.3413,1.2676,67.0927,0.8264
Leg Glance,135.4361,0.2845,20.0534,136.2488,39.8513,0.7272,42.3673,0.4462
Leg Glance,119.7882,0.4188,27.7264,126.076,21.2397,1.0166,27.8866,0.3828
Cut Shot,84.9006,0.3934,11.2949,131.8272,13.6324,0.66,35.5805,0.2029
Straight Drive,137.8672,0.8765,54.2878,132.4732,37.3102,1.1413,74.7369,0.6079
Cover Drive,101.7155,0.8206,38.133,160.9278,31.9999,0.4814,36.5821,0.5284
Cut Shot,79.3062,0.1507,14.7612,91.841,23.1089,1.1021,20.2604,0.3379
Cut Shot,109.9323,0.2378,13.7324,100.7689,39.0476,0.7612,17.4312,0.3502
Cover Drive,113.1313,0.4722,24.2787,148.1259,19.3404,0.4377,22.984,0.7758
Pull Shot,76.488,0.9448,21.6721,81.6735,38.5689,1.0968,31.5798,0.3228
Cover Drive,107.5922,0.8223,49.7737,105.6123,27.1138,1.1494,38.2171,0.6113
Leg Glance,119.2667,0.1685,39.2189,160.8323,38.5069,0.5663,39.485,0.4728
Pull Shot,132.3627,0.5504,29.6208,77.2989,20.9705,0.6815,18.6196,0.0828
Cover Drive,151.2204,0.5198,42.2158,120.2786,31.3825,0.7896,18.2431,0.7457
Pull Shot,109.5383,0.742,51.1435,90.2185,30.6811,1.5171,7.3192,0.2781
Cut Shot,76.0276,0.44,11.6309,132.6116,15.7237,0.72,19.601,0.132
Leg Glance,127.1392,0.2848,25.058,131.7516,23.6165,1.1016,18.8818,0.5088
Leg Glance,111.7507,0.3833,9.1727,134.0611,26.9606,0.332,43.2847,0.3367
Leg Glance,104.1837,0.3034,25.4149,127.1945,39.5532,0.467,30.6768,0.2928
Cover Drive,114.5037,0.7218,43.8896,137.3909,54.1535,1.2229,40.3617,0.4801
Cover Drive,135.3779,0.6244,36.9753,133.1849,46.5765,0.5719,38.0036,0.5451
Straight Drive,129.3301,0.6336,24.2438,158.8713,48.666,1.4125,72.6123,0.5714
Leg Glance,131.0888,0.1478,1.0776,141.0269,28.5808,0.9394,46.1305,0.6404
Leg Glance,137.7368,0.0,11.9559,114.7986,40.8588,0.4677,17.3216,0.4685
Straight Drive,142.3585,0.7999,43.8149,137.3167,56.676,0.3548,92.5026,0.7739
Cut Shot,99.0165,0.4554,8.0037,139.7747,37.7799,0.769,32.5547,0.4849
Cut Shot,78.7817,0.5928,24.0358,139.0544,32.3295,1.1567,17.6464,0.2417
Leg Glance,135.7913,0.3499,11.0615,114.145,43.6622,0.2939,49.6769,0.3256
Cover Drive,94.6699,0.4069,47.6187,145.8183,20.4531,1.0367,32.198,0.4969
Leg Glance,91.6855,0.4039,41.8101,148.1556,16.5558,1.1875,29.1845,0.4592
Pull Shot,106.7238,0.7961,64.745,127.0735,9.1963,0.6721,23.7726,0.2029
Leg Glance,92.0741,0.279,23.3014,130.2826,32.6278,1.1394,18.3844,0.3278
Pull Shot,85.9035,0.8967,45.3849,109.4381,24.523,0.671,3.1467,0.272
Pull Shot,112.7517,0.9519,38.961,96.836,29.2454,1.1309,19.0416,0.1131
Cut Shot,109.7023,0.2353,18.7618,142.0085,27.5177,0.9906,13.2703,0.3871
Cover Drive,102.1176,0.8868,24.2628,118.8625,45.8352,1.1924,25.3075,0.7618
Leg Glance,96.7172,0.2354,9.4005,118.345,23.3144,0.9802,38.6761,0.3275
Cut Shot,96.9128,0.4277,13.3239,129.7581,31.324,0.6416,3.3648,0.2957
Cut Shot,72.564,0.4338,26.9373,104.1134,27.3191,0.859,29.1822,0.1256
Pull Shot,120.1764,0.6995,63.6903,125.0436,20.7592,1.4376,35.4445,0.2658
Cover Drive,141.5487,0.8399,26.1238,133.645,29.5524,0.6645,31.3889,0.4776
Cut Shot,93.9321,0.1789,26.7741,131.8747,31.3256,0.8762,0.0,0.1385
Cover Drive,101.6571,0.5195,51.9351,146.9607,23.2255,1.1966,54.9293,0.6613
Cut Shot,111.1363,0.3489,10.2665,104.988,29.4055,0.8793,0.9093,0.1433
Pull Shot,103.0833,0.7564,37.1328,91.8151,33.7558,0.7899,29.5893,0.279
Cut Shot,111.753,0.3127,26.5472,80.2083,27.1653,0.9946,25.0319,0.2872
Leg Glance,104.3552,0.3201,25.1768,136.2881,13.9738,0.8192,24.1999,0.4139
Pull Shot,116.7778,0.7262,32.4258,101.9075,9.5693,0.5833,17.1962,0.308
Pull Shot,120.4545,1.0268,57.9724,105.3605,40.6964,0.6048,10.0851,0.2779
Straight Drive,105.0657,0.5881,25.2286,119.7467,29.909,0.723,70.1925,0.6546
Pull Shot,106.8419,0.8365,41.5685,113.1753,40.0106,1.1004,6.9756,0.3503
Cut Shot,121.3054,0.4832,29.6381,103.3541,39.9273,0.9704,10.3895,0.1316
Straight Drive,126.5436,0.8075,34.9391,146.9294,38.1701,0.5356,71.6159,0.6911
Cover Drive,92.1259,0.5793,35.6532,125.3913,37.0694,1.2204,45.6995,0.447
Leg Glance,138.4398,0.2716,28.5866,126.1489,22.8966,0.8015,17.7016,0.4072
Pull Shot,93.4676,0.6749,32.0913,107.8332,36.3804,0.7151,19.2194,0.182
Cut Shot,74.5558,0.4248,7.1087,122.304,28.6462,1.1067,21.8613,0.3016
Leg Glance,108.1485,0.1214,14.1008,130.5517,29.9923,0.6698,23.229,0.5464
Leg Glance,130.3309,0.2045,14.8389,152.3402,39.1135,0.7293,18.5302,0.6443
Straight Drive,152.6538,0.789,41.778,129.2425,44.2612,1.0435,87.2512,0.8494
Cover Drive,102.1617,0.8087,37.7401,133.2461,48.7452,0.9469,51.484,0.5346
Straight Drive,144.3986,0.5852,29.1195,145.0263,52.1577,1.1876,88.931,0.7451
Cover Drive,112.0986,0.3795,49.7409,141.426,29.0382,0.5316,58.4498,0.5956
Cut Shot,97.4513,0.5018,7.2219,94.7778,29.3942,0.2721,12.2145,0.3179
Cut Shot,116.144,0.2184,22.9651,98.2439,19.7715,0.8983,5.9734,0.1998
Straight Drive,135.1942,0.7386,17.888,127.9738,26.1217,1.4491,62.3923,0.8517
Straight Drive,136.0633,1.0688,33.1234,141.012,47.2603,1.1007,65.0436,0.6785
Cover Drive,137.7028,0.3846,40.19,118.4513,19.7003,1.0869,43.1962,0.528
Straight Drive,113.5372,0.5421,11.9884,141.1085,59.3444,0.8445,62.7378,0.8143
Cut Shot,115.3755,0.5264,23.1697,107.1619,32.2239,0.9083,13.6011,0.152
Cut Shot,95.5564,0.4425,18.4925,130.124,23.2366,0.6336,12.3323,0.1844
Straight Drive,152.7007,0.7364,35.6917,121.1739,17.8688,0.5685,76.0544,0.6274
Pull Shot,98.4284,1.0896,50.3805,99.2562,36.8989,0.6167,15.8397,0.3578
Cover Drive,139.5771,0.8448,22.9423,125.0968,20.5859,0.7722,33.525,0.5063
Cover Drive,142.8994,0.4844,43.0212,155.0762,39.7787,1.0144,15.0493,0.678
Pull Shot,127.5195,0.7269,57.6628,119.0598,11.8451,1.0236,30.1246,0.1396
Leg Glance,87.3943,0.1516,17.4089,100.5675,25.3857,0.2618,17.0443,0.4036
Cover Drive,135.7402,0.5766,22.2873,124.965,24.2967,0.8977,17.4961,0.6065
Cover Drive,105.3416,0.5299,47.2118,110.6441,50.2138,0.6176,22.4734,0.792
Cut Shot,96.5961,0.4473,28.1026,119.6948,28.334,0.6923,12.2564,0.378
Cover Drive,160.5281,0.2448,36.3918,134.4832,24.5465,0.8408,25.5831,0.6433
Pull Shot,93.7294,1.1043,52.1664,130.0837,36.66,0.7044,4.0202,0.4482
Cut Shot,116.9258,0.488,34.3016,119.8602,36.6962,0.5611,18.9137,0.1941
Straight Drive,124.0596,0.7909,22.6968,151.4047,43.9573,0.6107,61.8261,0.6887
Leg Glance,97.63,0.1264,21.2644,143.351,5.2022,1.3993,28.1806,0.5749
Cut Shot,126.717,0.3816,8.4772,115.2357,27.9941,0.6615,22.4701,0.2452
Pull Shot,69.9987,0.8031,56.5627,77.5771,36.2617,1.4645,22.5904,0.3114
Pull Shot,86.6957,1.1525,59.7286,82.0464,31.912,0.4606,16.6262,0.3445
Leg Glance,154.8212,0.3174,10.9825,100.2354,24.2688,0.9009,35.6662,0.2204
Straight Drive,127.1508,0.4302,24.5363,136.1406,28.0252,0.7333,87.9349,0.5594
Cut Shot,81.7888,0.4802,11.1481,116.0952,36.56,0.3421,11.7919,0.3743
Cover Drive,123.3818,0.8283,44.7125,115.3563,29.9201,0.9913,55.5412,0.7147
Cut Shot,125.835,0.5939,11.932,106.837,26.3102,0.7454,17.0805,0.1513
Cut Shot,126.9616,0.5222,14.8567,128.439,34.006,0.653,16.0091,0.3368
Straight Drive,152.7211,0.6472,37.5945,169.2546,22.1732,0.8054,78.6215,0.8262
Cover Drive,138.6492,0.4046,13.4027,121.6584,50.1501,0.9913,31.5136,0.6743
Straight Drive,143.7452,0.8027,49.381,151.7954,49.2186,0.482,61.998,0.7543
Cover Drive,134.1153,0.3402,41.5402,136.3361,45.2314,0.841,42.3987,0.5168
Straight Drive,141.1631,0.6306,24.0922,134.3941,32.0681,0.96,86.319,0.8009
Pull Shot,124.6632,0.8237,27.4391,110.3661,12.8643,0.6997,3.7606,0.3215
Straight Drive,147.2238,0.7629,25.5232,142.2114,36.1483,0.311,59.2639,0.8768
Leg Glance,121.3067,0.1526,33.3573,124.1668,23.7833,1.0618,39.4514,0.5926
Leg Glance,109.8896,0.1372,7.3495,127.3911,43.3903,0.8729,25.7565,0.3457
Leg Glance,139.7743,0.2098,35.6511,142.2699,21.9738,0.8819,19.4229,0.3962
Cover Drive,147.988,0.3903,43.3208,118.4253,36.9307,0.7839,19.6659,0.7426
Pull Shot,82.2918,0.683,29.6254,83.3308,32.8494,1.1468,29.6409,0.2477
Pull Shot,92.3187,1.0052,48.0593,93.853,25.7526,0.5978,25.3736,0.2018
Leg Glance,144.4457,0.0397,38.2588,131.2677,27.791,0.7706,50.6173,0.4646
Straight Drive,144.0645,0.68,36.5868,170.1808,56.9363,0.6163,64.5433,0.5465
Cover Drive,121.7537,0.4308,17.0264,146.9462,21.6008,0.9488,31.2553,0.4633
Cover Drive,120.7229,0.3786,20.1651,103.3666,22.0977,0.6868,24.7437,0.774
Cut Shot,126.9038,0.2939,15.1854,100.8289,28.2391,1.0939,2.1534,0.1548
Straight Drive,112.9203,0.6528,54.7451,161.6556,37.7044,1.2488,70.9991,0.7069
Cover Drive,96.4557,0.5798,37.5255,156.4201,48.8238,1.2267,50.6897,0.5764
Leg Glance,140.5969,0.128,6.7129,150.2424,18.2817,1.0624,47.9148,0.7272
Cover Drive,127.3791,0.3348,38.6154,126.7191,37.8059,0.7183,50.758,0.5361
Cover Drive,144.8951,0.5653,21.4415,157.0051,59.1956,1.2838,44.9795,0.6332
Pull Shot,124.9963,0.7317,54.2328,113.757,20.3674,1.1374,2.7384,0.1261
Cover Drive,161.5957,0.5061,39.9143,111.9723,50.8674,1.2576,57.9148,0.4964
Pull Shot,93.829,0.6705,62.6908,89.3169,33.306,0.8908,11.0331,0.1995
Cover Drive,92.5329,0.6859,48.6358,140.3654,28.9817,0.9827,42.2421,0.4331
Cover Drive,80.4943,0.5159,36.8169,105.4177,21.0814,1.4468,33.4116,0.6986
Pull Shot,112.6766,0.8333,60.9119,109.838,33.687,1.1233,24.5189,0.2913
Straight Drive,104.3181,1.0168,21.3574,131.8398,35.3498,0.8961,70.9864,0.6028
Cut Shot,66.7388,0.3912,11.0849,123.1713,22.2123,0.9703,13.0421,0.1097
Straight Drive,144.7286,0.95,49.6626,136.6504,42.8066,0.5133,62.0904,0.7265
Straight Drive,160.8182,0.5597,56.4986,155.3398,24.5351,1.1634,53.935,0.5887
Leg Glance,112.2147,0.3128,26.5518,102.6109,17.8434,0.3459,25.7033,0.4829
Cover Drive,159.2422,0.603,53.245,121.099,50.3349,1.0397,56.2995,0.6818
Leg Glance,101.877,0.2576,14.9897,137.6663,42.1587,0.7903,21.7793,0.5624
Leg Glance,134.6812,0.0136,1.2734,127.6432,43.5754,0.9702,51.5964,0.5083
Straight Drive,156.8361,0.601,53.9367,153.2861,29.6113,0.7562,75.7731,0.8416
Straight Drive,146.0226,0.6066,58.7267,157.6163,31.4459,0.6103,87.4874,0.6269
Straight Drive,140.3809,0.768,21.1435,139.1016,30.437,0.9013,80.05,0.7571
Leg Glance,133.0565,0.3069,27.78,112.7616,34.2221,0.717,27.5702,0.5899
Straight Drive,148.5057,0.4711,24.7227,144.5052,27.7334,0.7539,72.9818,0.8233
Cut Shot,124.064,0.2303,30.5802,87.2714,18.2847,0.6959,22.8871,0.3127
Leg Glance,127.702,0.2173,35.6684,118.4746,31.723,0.6633,42.469,0.4008
Pull Shot,118.6257,0.9068,38.139,116.0146,27.7656,1.0966,12.1646,0.2054
Cover Drive,108.0508,0.3527,17.6326,122.5828,15.5708,0.5025,21.2452,0.5856
Leg Glance,122.7402,0.3642,38.5665,128.9848,25.6981,1.3307,32.7761,0.515
Cut Shot,94.2666,0.2315,10.7048,121.0989,16.623,0.2608,16.4277,0.3167
Leg Glance,147.6608,0.2877,35.3703,121.4292,17.5839,0.7498,24.4162,0.449
Leg Glance,144.2402,0.2605,29.013,121.8133,14.7513,0.919,44.4813,0.4274
Pull Shot,140.681,0.7959,65.8044,116.4404,42.7165,1.2495,15.2588,0.0399
Cover Drive,95.407,0.7211,52.2214,163.7811,46.3619,0.7147,42.3885,0.4625
Pull Shot,125.4143,0.849,45.0464,110.2318,18.506,1.0903,21.3317,0.0622
Pull Shot,131.7961,0.8005,11.2641,110.5177,8.089,0.8836,6.9774,0.2975
Cut Shot,101.3204,0.4937,3.1759,122.878,16.9281,0.5273,23.1838,0.2591
Straight Drive,140.9494,0.8473,19.6492,127.5946,51.0808,0.8829,65.8403,0.5535
Straight Drive,114.679,0.4825,30.8312,132.9134,37.172,1.5306,57.9335,0.8685
Pull Shot,117.879,0.7377,33.1086,106.2282,29.3249,0.4684,10.5909,0.2381
Straight Drive,133.0135,0.5985,49.3743,151.3707,31.1362,0.6147,88.1269,0.6957
Straight Drive,127.646,0.7943,46.9133,129.4624,27.77,0.7169,84.273,0.6584
Cover Drive,101.2691,0.4528,15.8581,113.0603,52.7834,0.9929,49.2025,0.5058
Cover Drive,94.4398,0.5709,17.1278,129.764,15.5831,1.2956,15.0936,0.6776
Leg Glance,98.0738,0.2361,30.5307,120.9982,18.1122,0.1524,32.1456,0.4905
Cut Shot,69.5996,0.38,6.3088,110.791,24.9626,0.8543,22.2097,0.1438
Cover Drive,107.7716,0.8526,20.5175,123.5327,38.5752,1.2554,35.9773,0.5018
Cover Drive,119.0528,0.5993,39.1341,145.1315,37.0697,0.4511,55.835,0.709
Pull Shot,88.2341,0.8867,44.1511,91.1507,30.8834,1.3227,12.2739,0.3767
Pull Shot,113.8902,0.8946,37.6865,127.1109,32.1884,0.5077,6.1326,0.3909
Cover Drive,95.8852,0.6224,41.6581,110.4489,37.6004,0.7373,67.3171,0.489
Pull Shot,94.9749,0.6354,46.6258,113.0534,34.1405,1.1391,25.7919,0.1568
Pull Shot,71.9,0.5705,59.0142,105.5845,34.2811,1.2993,11.353,0.3253
Straight Drive,158.3545,0.8324,36.9295,125.2024,36.4339,0.5413,81.5339,0.7221
Straight Drive,110.7421,0.8228,23.4678,168.1128,21.1234,0.6533,83.1023,0.7504
Pull Shot,137.4836,0.7008,41.3793,81.054,10.6441,1.3053,20.0633,0.0775
Leg Glance,116.959,0.4011,21.2292,134.9381,22.9716,1.2028,58.2375,0.5049
Leg Glance,141.7267,0.2764,18.0922,108.9966,41.2097,0.9119,17.3621,0.2933
Cover Drive,145.976,0.807,28.7521,123.5503,29.6399,0.7527,48.0979,0.6467
Cut Shot,97.1479,0.2482,4.6489,84.487,29.861,0.7071,19.8711,0.0098
Straight Drive,125.2506,0.8342,37.4707,134.9744,51.5223,0.6471,61.3735,0.7659
Cover Drive,140.2145,0.9154,11.1707,150.8609,44.2436,1.1301,31.8038,0.7486
Leg Glance,135.3581,0.2995,32.1883,132.9902,20.0479,0.6967,21.0843,0.3653
Cut Shot,123.7818,0.3919,11.0597,120.0541,12.2453,0.4674,11.1994,0.2796
Cover Drive,142.2392,0.9598,29.7082,136.2304,30.6693,1.491,47.9821,0.4983
Leg Glance,99.3728,0.1156,14.7896,113.9698,25.7498,0.6686,19.3803,0.5721
Straight Drive,105.6168,0.7109,36.4237,136.005,47.0052,0.9803,61.3375,0.7464
Straight Drive,103.9983,0.7879,36.7541,137.112,27.677,1.1033,82.5198,0.778
Cover Drive,112.9884,0.3948,30.8177,158.6132,23.3446,0.6425,25.9887,0.6641
Cover Drive,151.2532,0.5394,16.7957,127.07,47.1331,1.189,46.1527,0.4628
Cut Shot,85.284,0.3868,19.5103,112.275,30.1244,0.7508,5.0814,0.4153
Cover Drive,140.0673,0.6335,22.3672,127.7872,33.88,1.1271,22.2143,0.6042
Cover Drive,142.6289,0.7115,43.4381,102.5937,49.4268,0.851,24.3761,0.5934
Straight Drive,141.8304,0.7931,22.5701,144.6285,33.4045,0.7963,57.5105,0.6359
Cover Drive,125.3066,0.568,28.1909,150.8196,24.2615,0.8712,41.7899,0.5952
Cut Shot,123.3898,0.2097,21.3443,95.2447,17.0336,0.8405,7.9109,0.1885
Cover Drive,125.0826,0.7654,33.8941,147.2255,25.1272,1.1399,39.5294,0.4375
Cover Drive,146.8448,0.5141,11.9698,113.1553,41.0229,0.6827,33.8467,0.3874
Leg Glance,116.8847,0.1979,14.6733,152.8092,24.5037,0.3195,45.2625,0.3737
Straight Drive,153.485,0.592,44.4615,160.3469,55.7651,0.9515,80.8967,0.7166
Cut Shot,121.6208,0.2538,8.1051,95.1088,32.1965,1.0304,22.5548,0.1905
Pull Shot,104.1297,0.733,28.8131,102.0502,18.4507,0.709,14.1765,0.3787
Cut Shot,72.9645,0.372,20.3308,136.5082,37.9198,0.713,5.1601,0.107
Cut Shot,123.3755,0.378,38.5844,106.5186,37.775,0.944,11.7412,0.1539
Pull Shot,84.7794,1.039,42.3575,112.7138,15.9364,0.7226,4.1623,0.3456
Leg Glance,103.6723,0.2319,24.9843,122.4336,14.7503,0.9272,28.4544,0.5954
Pull Shot,125.7522,1.0115,64.9023,119.7121,9.2286,1.3087,29.6148,0.122
Cover Drive,112.3114,0.4113,50.5284,134.2452,17.0869,1.0291,23.4051,0.4693
Pull Shot,114.5937,0.9801,52.7918,105.2419,23.3431,0.933,19.6699,0.2719
Pull Shot,119.1476,0.7698,39.3153,78.5017,27.1384,1.1087,7.4149,0.1437
Cover Drive,136.5581,0.623,31.4741,121.8384,49.64,1.1509,51.2311,0.7249
Leg Glance,125.131,0.3931,5.5261,152.8082,35.6258,1.0188,45.2575,0.5091
Leg Glance,124.1268,0.1329,18.9547,129.2723,49.1118,1.1649,11.5514,0.4361
Pull Shot,88.3158,0.6744,28.5712,109.9508,20.5444,0.9364,23.4113,0.0344
Straight Drive,157.3865,0.8663,49.5323,157.8034,52.0927,1.1028,87.4374,0.8094
Pull Shot,99.3562,0.6162,53.8469,112.7579,32.1504,0.725,27.6149,0.2612
Cut Shot,83.5626,0.2049,9.8908,145.3349,24.6872,0.5265,30.9591,0.3426
Straight Drive,119.375,0.7872,36.7558,147.3124,52.6155,0.9951,69.0385,0.8193
Cut Shot,100.1726,0.4132,9.0368,114.8677,41.1395,0.6646,7.5696,0.1865
Cut Shot,106.665,0.2851,36.2831,132.2406,17.1522,0.8189,20.0004,0.0546
Cover Drive,101.4533,0.7961,30.0933,147.9257,21.1089,1.0659,33.8352,0.5827
Pull Shot,130.5058,0.766,44.7434,124.2598,43.9483,0.6656,26.3515,0.1151
Cut Shot,128.5269,0.504,28.8059,99.7695,31.5775,1.0731,17.2157,0.138
Straight Drive,136.5364,0.9693,37.5752,164.9043,41.3328,0.7112,68.165,0.5878
Leg Glance,148.3805,0.2051,9.6602,129.5931,36.1083,1.2083,50.2675,0.305
Straight Drive,156.1455,0.9968,49.0105,130.2809,52.5344,0.5347,62.6384,0.6567
Straight Drive,115.3386,0.6341,29.2892,138.673,55.7288,1.0885,84.0076,0.5281
Straight Drive,122.5798,0.7228,51.1333,162.2758,42.6679,0.4423,79.3813,0.503
Pull Shot,86.422,0.8872,63.6601,118.6782,28.964,1.1794,22.4522,0.2751
Leg Glance,102.1728,0.2318,29.6947,100.7367,27.456,1.1764,32.8156,0.352
Straight Drive,132.2941,0.7876,38.4605,144.1137,40.8309,0.9238,54.6016,0.6483
Cover Drive,118.5479,0.3163,14.6016,152.7251,55.9869,1.0092,49.2643,0.6464
Straight Drive,133.2155,0.7917,26.772,153.9952,15.3868,0.935,82.0146,0.8008
Cover Drive,130.3269,0.3461,35.3781,124.0963,21.8337,0.7677,47.907,0.5043
Straight Drive,135.7677,0.5677,19.6631,112.9697,45.2425,0.643,85.7365,0.7495
Cut Shot,132.5846,0.2861,36.8557,108.6623,42.2071,0.3635,24.8882,0.2398
Cut Shot,90.26,0.3693,18.6898,147.6148,24.3515,0.3906,21.406,0.3867
Leg Glance,104.824,0.2199,22.1211,103.2864,35.0346,0.7997,43.3349,0.5754
Straight Drive,155.9356,0.5953,44.2632,142.094,45.2533,0.9695,66.9567,0.556
Straight Drive,144.8501,0.9089,21.1999,123.585,34.3449,0.3446,61.9169,0.8216
Cover Drive,112.3572,0.4715,36.8679,100.031,45.6513,0.8817,53.4007,0.605
Cut Shot,102.8975,0.4442,7.3393,117.6208,19.6068,0.6895,13.8302,0.0721
Leg Glance,111.2834,0.2945,19.2915,164.1899,42.421,0.5055,35.641,0.295
Straight Drive,156.5432,1.012,28.7921,148.6017,37.6446,1.2941,58.9682,0.669
Cut Shot,115.5688,0.331,27.4375,118.2745,18.2764,0.8357,34.7318,0.0374
Pull Shot,119.4897,0.8153,47.5523,122.8227,13.3114,1.1424,19.2045,0.0696
Cut Shot,102.2143,0.291,14.0977,114.0898,24.6762,0.6256,21.0793,0.2792
Straight Drive,128.5925,0.7322,27.2435,146.9484,55.256,0.4548,80.309,0.8062
Leg Glance,127.7699,0.3939,37.2753,156.3051,27.8102,0.5442,47.2928,0.5933
Cover Drive,143.4373,0.7306,40.0506,137.9951,45.0753,0.519,23.6031,0.4151
Cover Drive,108.1445,0.7623,12.7838,165.2592,18.4673,1.1906,53.1276,0.7201
Pull Shot,132.1212,0.571,54.4766,112.5495,41.0056,1.4899,10.9492,0.1181
Pull Shot,110.8188,1.0512,67.6707,109.523,13.8788,1.1917,24.3633,0.4656
Straight Drive,151.9633,0.7321,41.2604,155.2343,37.2206,0.5908,67.2267,0.8774
Leg Glance,90.8636,0.4286,15.4732,141.5326,39.9518,0.991,24.5659,0.4256
Cut Shot,100.8521,0.1117,6.4372,143.3525,18.6506,0.5925,15.2639,0.1821
Pull Shot,96.243,0.9487,41.6271,87.9464,8.8243,1.2307,15.5394,0.1845
Cut Shot,67.8924,0.4962,8.4618,138.1429,11.0204,0.516,25.8006,0.0847
Pull Shot,126.4494,0.7122,62.9778,124.2663,33.2347,1.1873,1.0683,0.3219
Leg Glance,112.5102,0.0941,34.0389,151.0438,36.754,0.744,36.1054,0.483
Cover Drive,145.1669,0.8893,43.4971,127.0312,23.9281,0.7224,46.6642,0.5532
Leg Glance,145.5669,0.2692,27.6519,131.6307,36.992,1.2937,0.919,0.3954
Pull Shot,118.4466,1.0784,27.7375,104.9502,18.7147,0.8843,0.0,0.3153
Leg Glance,102.2983,0.2781,18.3211,156.1962,38.4712,1.0486,18.4174,0.3567
Cover Drive,110.4233,0.9258,47.8093,158.4175,51.2152,0.6217,49.8099,0.4159
Cut Shot,127.7867,0.3267,22.7428,150.3127,38.3307,0.5212,27.283,0.2727
Straight Drive,127.2412,0.7496,38.1974,113.7927,35.2956,1.4989,78.9483,0.712
Cover Drive,100.8978,0.606,40.8723,112.527,26.0777,0.8271,49.6112,0.5187
Cut Shot,111.4355,0.52,11.0938,138.6425,17.2623,0.7398,10.2625,0.1346
Pull Shot,118.3633,0.6979,47.2992,77.6808,12.8126,0.7742,17.8045,0.2614
Pull Shot,108.9804,0.7195,62.8836,96.3178,32.3817,0.7937,4.9919,0.1261
Pull Shot,75.1402,1.0082,38.7069,102.3162,28.0165,0.9732,17.3712,0.3046
Cover Drive,121.4501,0.6207,32.7783,113.5534,44.8811,1.1926,40.9798,0.5713
Cut Shot,69.2176,0.3964,31.4648,117.6457,8.719,0.5316,25.7196,0.0339
Straight Drive,113.5576,0.7832,36.5905,164.7719,45.0712,0.9636,76.7424,0.7047
Straight Drive,113.2618,0.5801,50.5413,169.644,26.1408,1.3143,63.046,0.6821
Cover Drive,127.2697,0.352,25.9902,138.0852,23.6257,1.309,57.6697,0.6605
Pull Shot,110.5859,0.8935,45.2717,116.0984,32.2027,1.23,8.4343,0.2692
Straight Drive,107.9956,1.0219,43.4815,141.7421,30.1667,0.4511,62.7465,0.617
Leg Glance,139.1068,0.0002,19.9145,144.3503,28.2763,1.0176,21.8255,0.655
Straight Drive,125.2215,0.4476,29.4523,164.1753,20.4852,1.3368,72.5846,0.5867
Cut Shot,132.6383,0.3675,1.0823,136.9445,17.7438,0.318,24.8953,0.1728
Straight Drive,113.6979,0.5871,45.5049,167.9848,43.2671,1.2576,65.5587,0.6318
Cut Shot,94.2533,0.4121,27.5997,95.5537,14.5877,0.4503,15.8076,0.1908
Cover Drive,137.9265,0.4711,52.2166,157.9723,36.5388,1.1109,38.7634,0.5704
Leg Glance,107.9243,0.1124,38.3302,156.388,41.9565,0.4797,21.2252,0.4916
Pull Shot,84.198,1.0273,56.8274,97.4852,14.0674,0.8781,16.3941,0.2804
Leg Glance,144.5181,0.1087,32.7355,134.8795,41.6025,0.4921,34.4961,0.5841
Pull Shot,109.3564,0.9774,61.3939,94.65,18.3664,1.5669,19.5164,0.237
Straight Drive,132.1251,0.5663,43.0022,152.5889,36.4682,0.6333,75.8927,0.7329
Straight Drive,127.7452,0.9433,17.5489,129.9082,43.2215,0.8301,67.0205,0.8005
Leg Glance,123.5413,0.1186,26.4046,161.423,23.2572,0.3577,16.6794,0.3481
Straight Drive,114.2752,0.8918,56.5954,163.1654,45.8568,1.007,75.8284,0.7795
Leg Glance,121.4722,0.1388,26.4186,126.8249,19.722,1.2526,34.3472,0.5898
Cover Drive,119.1506,0.4517,42.7453,144.8764,30.6419,0.8983,18.1253,0.4143
Cover Drive,109.5049,0.8519,15.5029,102.3182,32.9503,1.2734,41.5045,0.714
Leg Glance,100.7551,0.3854,19.3762,149.1561,43.8475,0.9773,28.197,0.4233
Leg Glance,116.3304,0.0842,29.5994,162.8535,15.511,0.7357,48.0429,0.2874
Pull Shot,129.5833,0.8051,26.1229,107.4786,39.3001,1.2939,13.678,0.1546
Leg Glance,105.6541,0.1382,21.2224,158.4462,18.638,0.6886,37.3077,0.5919
Pull Shot,94.1885,0.6737,54.4017,95.9453,21.141,0.6485,6.9047,0.1839
Cover Drive,97.6222,0.7527,24.9452,120.3593,23.2865,0.5984,60.5947,0.5712
Cover Drive,135.4601,0.9391,13.1485,123.8723,31.5503,0.8404,34.3047,0.6786
Cut Shot,112.4692,0.4855,21.9407,85.2886,44.7641,0.3607,15.7323,0.0881
Pull Shot,129.7676,0.8162,39.6937,88.4975,25.8988,1.4087,12.1986,0.1874
Straight Drive,104.3883,0.7242,46.8556,129.2062,29.0212,1.0424,72.3521,0.6679
Leg Glance,119.5564,0.3201,47.8033,118.5935,18.5927,0.3929,26.6332,0.5486
Cover Drive,121.4218,0.7741,49.4303,131.6285,49.8684,1.2414,59.0655,0.4041
Pull Shot,136.6536,0.8502,54.0478,103.932,19.8408,0.6444,26.9885,0.1358
Pull Shot,116.5944,0.6832,36.8831,83.9757,13.9481,0.7896,4.5584,0.225
Cover Drive,123.9579,0.6245,20.9572,153.9995,26.6378,0.6113,33.1354,0.4151
Straight Drive,143.5848,0.5686,49.5285,135.9885,17.0092,0.929,54.0163,0.769
Pull Shot,107.7601,0.6308,55.7349,98.7446,29.2027,0.8896,1.1544,0.2116
Straight Drive,148.5235,0.6634,19.4906,148.3589,35.8915,1.3648,67.6946,0.5678
Leg Glance,144.5865,0.087,25.8593,90.924,15.6136,0.3563,22.8608,0.3727
Cover Drive,123.5356,0.3744,25.522,144.6651,35.3978,1.3436,65.3408,0.6172
Pull Shot,92.5775,0.959,71.2606,72.1814,10.9163,0.8778,19.8525,0.2643
Leg Glance,101.3455,0.3668,30.3875,105.621,39.6827,0.5077,50.2913,0.3897
Straight Drive,130.8849,0.8908,39.1241,156.1416,57.8458,0.5182,79.9817,0.6431
Cover Drive,138.3562,0.5028,48.7661,172.35,30.6584,1.2041,58.496,0.5748
Cover Drive,141.6498,0.8613,16.9097,142.3661,46.463,0.5759,51.3724,0.7102
Cover Drive,103.6053,0.6478,33.6736,149.2096,41.3745,1.6312,51.1106,0.4415
Straight Drive,129.2549,0.7695,30.6739,138.9578,42.2325,0.7893,76.8569,0.6388
Straight Drive,161.8518,0.5135,49.3542,108.0191,50.3856,0.853,80.3108,0.8054
Cut Shot,99.304,0.4995,30.9316,123.4924,22.1191,0.9297,4.6661,0.273
Pull Shot,116.6078,1.0659,51.2206,131.0583,33.2066,0.9909,17.3549,0.1664
Leg Glance,151.8244,0.0833,34.5272,111.1449,41.5825,1.237,46.3346,0.3814
Leg Glance,112.2334,0.2424,34.4316,107.0337,31.0364,0.6288,44.2762,0.5046
Leg Glance,140.7751,0.0065,15.2578,100.0817,29.4068,0.7602,21.0046,0.6751
Pull Shot,109.7275,0.9644,45.404,113.2384,12.3864,0.9633,29.2599,0.1377
Leg Glance,110.4147,0.4103,23.4472,136.9423,38.3581,0.5336,36.0656,0.5423
Cut Shot,84.7995,0.4958,19.2484,113.3613,33.4962,1.1233,18.9444,0.262
Straight Drive,131.164,0.5334,54.3907,140.4901,44.4433,0.526,92.0414,0.7692
Cover Drive,99.22,0.2881,42.1186,144.6036,38.0215,1.3169,26.5659,0.4122
Leg Glance,148.04,0.2535,40.1115,99.9012,15.1117,0.8519,24.4223,0.3418
Pull Shot,119.1088,0.7229,44.2819,97.2467,9.9491,0.5133,10.9945,0.1523
Straight Drive,159.8705,0.9,23.6899,115.4159,41.6952,0.6916,65.2506,0.7208
Pull Shot,126.2686,0.8109,44.2245,93.4319,21.0786,1.2073,26.0618,0.315
Cut Shot,110.7045,0.4823,24.9384,133.3694,41.4679,0.7067,13.1424,0.2633
Leg Glance,128.9033,0.2272,33.5645,130.9305,42.2562,1.2111,15.6222,0.6465
Leg Glance,105.2088,0.327,19.4269,110.7151,21.7463,0.5082,45.3783,0.4906
Straight Drive,125.3021,0.7221,44.9666,137.8546,53.0573,1.3473,77.318,0.7132
Straight Drive,111.656,1.0045,35.612,139.6567,45.2931,0.782,50.1373,0.7629
Leg Glance,96.3183,0.3449,43.479,102.6075,40.7005,0.9071,28.8154,0.5334
Straight Drive,130.6269,0.6095,41.33,118.4013,35.3798,1.1484,61.3348,0.632
Cover Drive,99.6952,0.645,53.9855,124.8475,33.9647,0.6827,18.9584,0.789
Cut Shot,78.1766,0.4891,16.0358,131.709,35.3211,0.6543,13.1929,0.3023
Cut Shot,105.5322,0.1767,22.8864,137.0814,42.8934,0.4383,19.1378,0.4552
Leg Glance,127.0153,0.3535,26.4086,102.622,26.2546,1.3955,35.326,0.3766
Pull Shot,122.1657,1.1171,69.2483,91.8026,20.2416,0.9067,25.0434,0.1557
Cover Drive,119.7753,0.7215,52.0596,161.2945,40.7667,1.032,50.7411,0.5737
Cut Shot,73.6215,0.2484,33.5594,141.1906,19.9963,0.5706,4.8221,0.0
Straight Drive,116.1559,0.8931,44.3925,162.8048,34.2484,0.7344,57.1544,0.7071
Cut Shot,109.5157,0.2282,0.3596,99.6355,22.604,1.004,9.1798,0.3084
Pull Shot,100.3092,0.9669,60.9044,101.4106,37.3631,0.7189,33.2239,0.3805
Pull Shot,83.2982,1.0694,51.8855,109.4204,24.106,1.1704,28.3653,0.3166
Leg Glance,121.3751,0.2231,16.2323,126.4962,8.307,0.3327,37.6598,0.6166
Leg Glance,124.8522,0.2779,12.9562,110.327,18.8301,1.1284,49.5595,0.644
Cover Drive,83.9751,0.2775,34.8936,146.5836,46.7187,0.3925,41.4289,0.4123
Straight Drive,128.3449,0.7572,47.885,118.6032,16.3658,1.2619,69.1108,0.7984
Cover Drive,138.4785,0.3786,20.8911,122.4932,23.6744,0.9228,19.0125,0.6518
Leg Glance,125.9401,0.287,25.5828,123.1917,35.4562,0.719,17.4798,0.5304
Cut Shot,116.8664,0.4016,25.0734,124.9414,36.0343,0.8056,25.7903,0.1144
Leg Glance,142.0695,0.4249,16.5621,150.5899,29.742,0.1785,16.7993,0.5145
Straight Drive,127.4072,0.5354,45.4391,141.5868,43.07,0.2438,66.6846,0.6027
Pull Shot,137.8611,0.7855,47.3875,96.5952,10.2532,0.8827,28.7133,0.141
Cut Shot,97.0641,0.2941,7.958,130.5439,16.4101,0.5327,18.3116,0.3604
Straight Drive,114.7521,0.5465,18.4461,142.3634,47.6023,0.9586,76.6117,0.705
Pull Shot,81.162,0.6516,19.4997,114.8793,37.6008,0.6405,21.1153,0.2766
Leg Glance,137.5371,0.1351,31.0777,121.6167,32.8442,0.7995,14.5695,0.3952
Leg Glance,139.8689,0.3087,15.3381,121.3782,38.6452,1.0717,42.041,0.4758
Cover Drive,141.7246,0.6996,53.4849,127.9477,32.458,1.0327,37.48,0.69
Cover Drive,103.1006,0.5552,35.3042,131.8319,53.4283,0.8547,38.2402,0.4056
Leg Glance,108.4234,0.2181,21.56,107.3866,19.3843,0.5836,37.8583,0.6886
Cut Shot,71.5482,0.35,18.1178,132.5226,37.8904,0.5828,11.9806,0.1172
Pull Shot,118.1655,0.828,52.4249,89.9656,23.5782,1.2761,5.7618,0.1595
Cut Shot,118.8592,0.4583,19.681,113.2713,14.5283,0.9201,11.7798,0.0721
Cover Drive,146.5166,0.6612,48.2897,166.5303,22.5751,0.998,32.049,0.5506
Leg Glance,99.0463,0.2799,17.8795,156.6249,12.5656,1.151,23.8081,0.6549
Pull Shot,109.3286,0.9904,65.0924,104.0664,35.6444,0.7106,23.9716,0.2138
Straight Drive,155.173,0.6753,51.5831,136.1134,25.9906,1.1674,75.3515,0.8102
Cover Drive,130.4665,0.857,46.9396,143.1272,53.9672,0.5607,23.4892,0.6302
Cut Shot,119.9435,0.3711,37.0084,104.1039,26.5816,1.1835,0.5145,0.3367
Pull Shot,89.2395,0.8502,35.1227,85.9408,11.047,1.2051,25.1885,0.3115
Straight Drive,111.8174,1.0354,47.5822,160.518,44.5641,0.5418,74.746,0.7904
Cut Shot,102.8646,0.428,4.9493,104.283,16.5448,0.375,15.165,0.4004
Straight Drive,152.3385,0.6038,48.2609,150.3869,28.1646,0.9056,56.6461,0.757
Pull Shot,79.4487,0.8805,44.0419,108.2486,36.5009,1.0297,25.117,0.1224
Pull Shot,117.3724,0.8953,66.6244,89.7983,33.5254,1.6256,18.2256,0.314
Cut Shot,85.1595,0.4861,7.0123,107.2118,10.4353,0.3033,26.0945,0.2457
Cover Drive,139.5035,0.5856,47.3945,150.9283,28.6881,0.616,43.1,0.7159
Cover Drive,153.554,0.3355,32.1661,167.0693,18.0606,0.9978,50.2515,0.71
Cover Drive,106.2103,0.5874,27.7442,129.3332,38.2042,1.3394,26.4605,0.7297
Cut Shot,107.1143,0.4692,27.1848,103.2048,34.9363,0.7149,29.0675,0.3513
Pull Shot,113.9398,1.0333,28.0441,102.5759,16.2608,0.7721,5.7023,0.4189
Straight Drive,114.5604,0.7549,50.4185,154.7948,21.1733,1.2603,57.8222,0.715
Straight Drive,142.9749,0.8246,32.1965,157.5044,52.7358,1.1321,69.4933,0.6468
Leg Glance,143.3749,0.0432,14.1746,104.3398,41.6174,0.4866,39.9104,0.5685
Straight Drive,161.6003,0.6433,27.0667,135.8635,47.1052,0.9346,79.5382,0.5806
Pull Shot,86.7904,0.9877,37.4079,113.2808,19.373,0.8835,14.7116,0.2819
Leg Glance,125.6075,0.363,21.7409,123.7484,19.8371,0.9632,43.8523,0.5048
Leg Glance,148.2306,0.3342,18.3409,124.5072,13.904,0.9554,26.8688,0.6814
Straight Drive,123.8144,0.7523,30.8985,160.8487,35.1253,0.7561,65.5678,0.4872
Leg Glance,136.9387,0.1577,18.7874,131.9996,17.0511,1.2119,47.6427,0.5226
Cut Shot,121.5857,0.5152,11.5482,120.8357,12.4718,0.8537,5.2208,0.1391
Straight Drive,143.6824,0.7028,47.9099,158.3343,27.687,1.2221,59.3338,0.8632
Pull Shot,95.9041,1.028,25.2841,81.7184,20.2046,0.6205,16.035,0.4164
Straight Drive,145.4096,0.6421,29.7932,129.7551,39.5255,0.9041,72.5501,0.7466
Cut Shot,85.2975,0.5827,25.4308,103.7717,24.6054,1.1241,9.376,0.4222
Pull Shot,111.8787,0.5883,71.9631,113.0376,34.272,1.463,2.7874,0.306
Leg Glance,122.5421,0.0594,23.1373,156.1651,11.5744,0.6003,18.0613,0.542
Leg Glance,139.388,0.0938,16.0405,98.6097,29.5173,1.1758,26.4809,0.5417
Pull Shot,117.5162,0.6078,30.5876,79.2518,38.3443,0.425,14.8324,0.1318
Pull Shot,135.6973,0.6825,48.2732,116.2017,17.5242,1.0103,25.4146,0.3658
Leg Glance,130.2685,0.439,39.7513,140.1826,20.7426,0.3876,43.8528,0.3478
Pull Shot,86.427,0.8451,76.3339,122.1668,35.6885,1.245,12.5291,0.3295
Straight Drive,152.8519,0.86,60.9607,147.6326,51.2944,0.5903,83.3142,0.779
Straight Drive,147.7028,0.703,9.8595,139.6132,51.9936,1.2763,59.0213,0.8002
Leg Glance,113.6676,0.1103,26.3883,128.6958,22.8317,0.8013,17.7253,0.5393
Pull Shot,95.4662,0.7258,37.2504,88.2611,27.454,0.7591,14.0907,0.3089
Cut Shot,74.1134,0.1659,5.4489,131.1724,17.4291,0.607,26.6264,0.4338
Cut Shot,97.7681,0.1369,7.2857,125.225,12.4569,0.2353,23.4,0.1636
Straight Drive,147.4355,0.8492,48.186,159.5043,28.9602,0.6815,79.1235,0.8101
Leg Glance,99.0634,0.3185,29.3853,100.2291,39.7721,0.7026,27.0607,0.5388
Cover Drive,106.4631,0.5997,35.9657,125.8147,38.3582,0.8045,45.9847,0.6342
Cover Drive,125.4842,0.4534,42.3559,154.712,25.4715,1.7966,24.8233,0.6216
Cut Shot,116.0464,0.2068,10.783,123.1086,40.4202,0.824,20.3139,0.3479
Cut Shot,111.5682,0.5616,21.3972,109.6721,19.0455,0.6083,7.0041,0.1179
Cover Drive,130.0913,0.2761,20.7877,158.6448,53.9129,1.2357,42.9304,0.6441
Cover Drive,157.843,0.3919,47.7922,107.7206,43.072,0.6871,34.8006,0.3714
Cover Drive,107.1785,0.7759,13.4991,139.6418,38.039,1.4686,45.4803,0.4856
Cover Drive,106.9935,0.7671,30.2978,147.8123,27.3051,0.9617,21.7319,0.5139
Pull Shot,106.0108,0.9075,41.2437,79.4793,16.8053,0.8062,10.5382,0.2142
Cut Shot,81.068,0.216,16.7524,135.0679,12.3597,0.2292,26.7731,0.129
Leg Glance,139.2405,0.2438,11.8327,122.4543,31.7593,0.9066,21.5811,0.626
Cover Drive,107.1098,0.6382,15.9961,122.5181,34.1155,1.3387,35.8176,0.6478
Cover Drive,122.9247,0.659,10.4526,144.9139,27.6729,0.9252,38.3392,0.6189
Straight Drive,139.2375,0.7062,42.6011,140.5117,23.2879,1.1248,81.8185,0.7442
Cover Drive,148.6487,0.3928,43.2158,156.7628,33.3808,0.8537,33.1734,0.4643
Straight Drive,123.0087,0.7902,37.6506,117.471,45.7678,0.3886,83.0126,0.6908
Straight Drive,119.7684,0.5422,30.1897,119.5179,32.1208,0.6565,68.2865,0.5784
Cut Shot,102.9613,0.3771,30.2495,131.2126,40.8085,0.4168,26.875,0.1157
Cover Drive,124.1274,0.4598,40.163,134.3487,49.9147,0.7596,29.2123,0.5067
Cover Drive,128.0778,0.5513,22.8987,128.3367,48.474,0.9706,20.7465,0.4113
Pull Shot,105.3381,1.0376,73.3907,95.0283,27.421,1.1444,6.9278,0.4452
Leg Glance,129.9594,0.2505,11.5247,141.4953,36.8615,0.5988,26.3462,0.4755
Cover Drive,102.4141,0.5893,25.0451,116.2692,20.4962,1.4456,18.5212,0.535
Cut Shot,82.7007,0.3269,8.2257,108.4288,11.5253,0.6623,19.0318,0.1525
Straight Drive,120.9473,0.6847,59.5461,149.7246,25.4975,0.6261,64.2652,0.7387
Cover Drive,145.4652,0.2556,56.65,113.2504,27.6741,1.1153,26.7114,0.5581
Straight Drive,128.6229,0.5757,21.3052,139.2938,26.1271,0.8336,88.1053,0.8019
Cover Drive,120.6409,0.6301,28.0519,147.7076,43.8049,0.771,24.423,0.7128
Straight Drive,139.1746,0.7269,19.2227,126.7524,28.4615,0.5963,63.2564,0.649
Straight Drive,133.1761,0.529,47.6496,129.0277,53.9264,0.5182,82.5605,0.5851
Pull Shot,85.0016,0.7537,42.9717,94.1368,13.3569,1.4501,23.2857,0.0661
Straight Drive,138.6642,1.0131,36.8835,129.9897,52.3253,0.6495,90.0591,0.6825
Straight Drive,139.27,0.8938,44.1918,143.0062,47.4932,1.3318,58.575,0.5655
Straight Drive,102.7958,0.7939,23.5115,133.5632,42.1859,0.7891,58.665,0.7101
Straight Drive,112.37,0.7057,42.9937,144.47,35.153,1.2133,65.5528,0.5498
Pull Shot,125.7646,0.9502,57.6081,102.1543,30.5688,0.8524,19.6807,0.3515
Cover Drive,132.8394,0.67,39.4915,159.0814,52.4184,1.1806,43.6487,0.5426
Cover Drive,147.7768,0.5312,18.4741,145.3163,35.5697,0.4175,37.6066,0.5237
Cover Drive,152.1228,0.8648,47.5057,134.9025,37.1633,0.5079,44.0419,0.617
Cut Shot,83.8912,0.2792,22.4281,93.3023,4.446,1.2346,15.544,0.157
Cut Shot,106.3723,0.3071,22.2202,122.8193,38.985,0.8231,8.6834,0.156
Cover Drive,139.3546,0.8288,50.9315,135.8034,37.1411,0.3307,23.5487,0.6631
Pull Shot,124.4546,1.1034,49.652,83.6926,20.6718,0.4979,12.2829,0.2386
Cut Shot,94.9279,0.3649,14.5805,125.9488,15.6027,1.106,4.4407,0.046
Cut Shot,91.5031,0.4759,27.518,108.1357,22.0179,0.6717,4.7718,0.0864
Leg Glance,103.4535,0.1036,30.8676,140.1204,18.1858,1.1473,26.697,0.3762
Straight Drive,135.0782,0.9209,32.2271,149.8131,20.1398,0.6771,63.0345,0.7388
Cover Drive,119.188,0.9312,27.1186,133.5695,39.5436,0.5507,65.5549,0.4086
Pull Shot,129.0067,1.0995,38.4966,96.2777,30.2163,0.8919,32.6491,0.1698
Cut Shot,97.3638,0.363,0.0,112.6503,19.1808,0.5675,19.2357,0.25
Leg Glance,138.2693,0.3167,14.3375,139.0081,42.4863,0.4002,15.809,0.5266
Straight Drive,119.3696,0.5284,31.6693,120.5688,11.0941,0.6583,78.072,0.5571
Cut Shot,115.6369,0.5696,46.9978,108.5535,18.1438,0.9715,15.0858,0.002
Pull Shot,81.2226,0.6712,55.6372,101.5103,22.4425,0.9556,27.185,0.3586
Leg Glance,111.9424,0.2816,27.9688,114.3648,36.1625,0.7367,13.074,0.4752
Straight Drive,105.3012,0.9464,39.3889,117.3196,59.2518,0.9358,59.8844,0.6385
Leg Glance,111.9479,0.1205,24.636,123.3386,36.0035,0.9262,28.6216,0.5312
Straight Drive,108.848,0.6105,51.8669,145.7864,36.0603,0.7978,61.7078,0.7168
Cover Drive,91.8565,0.7027,46.4175,126.8178,40.952,0.8681,31.8423,0.7397
Straight Drive,151.1992,0.6706,45.0398,114.0988,32.4543,0.4821,59.6609,0.6299
Cover Drive,148.4115,0.7731,49.873,127.7126,13.4828,1.3457,42.8959,0.6224
Cut Shot,85.1672,0.3244,16.4414,112.3946,29.6857,0.7125,25.7459,0.1956
Pull Shot,92.0139,1.093,31.0159,87.7837,17.9172,1.2183,20.7035,0.036
Cut Shot,80.8417,0.4531,28.3775,116.1256,35.451,0.7189,10.0695,0.3897
Leg Glance,94.6667,0.088,37.3502,131.6681,30.8659,0.9534,43.3688,0.3858
Leg Glance,103.0001,0.2581,34.6597,151.2025,22.1355,1.0807,29.494,0.6086
Cut Shot,122.5764,0.5788,34.2013,145.5184,17.3945,0.9651,20.5509,0.2922
Cover Drive,94.3314,0.5086,53.4009,111.4674,40.3294,1.4286,33.0793,0.6005
Cut Shot,120.8519,0.1918,9.958,118.3015,28.0197,0.2006,18.2766,0.2583
Leg Glance,148.2754,0.1594,15.2865,97.5316,42.6057,1.124,46.9889,0.4764
Cut Shot,76.6384,0.4115,30.6048,145.7401,19.4493,0.7946,15.4275,0.305
Cut Shot,114.9015,0.2259,25.8668,122.2791,21.0094,0.6884,7.2011,0.3643
Pull Shot,115.566,0.9369,58.5269,81.5845,31.51,0.1764,23.6349,0.1649
Straight Drive,134.0953,0.4722,32.805,132.6772,47.7999,0.8954,61.5997,0.6232
Cut Shot,103.2945,0.2062,11.7729,120.4998,37.3536,0.7702,7.169,0.1436
Leg Glance,91.9179,0.2204,22.3843,110.9056,21.1273,0.6676,49.5388,0.6085
Leg Glance,108.8004,0.1563,25.388,110.4947,31.6165,0.4612,35.4825,0.3839
Cover Drive,130.0117,0.559,48.8776,111.1775,13.9097,1.0684,28.848,0.6786
Cut Shot,88.519,0.3713,22.444,117.8912,27.7104,0.5033,26.5633,0.3461
Cut Shot,105.6059,0.3957,25.5489,95.0161,19.8718,0.3955,13.9028,0.1935
Cover Drive,97.1302,0.5848,51.4696,157.4978,43.6621,0.9608,19.7187,0.7394
Pull Shot,137.5375,0.7551,64.537,116.426,15.0459,1.581,23.1209,0.3604
Pull Shot,129.7931,0.9143,56.4689,110.8686,31.0612,0.9214,30.3425,0.1433
Cover Drive,125.7048,0.4531,27.2125,161.225,44.1578,0.8989,47.0631,0.4436
Pull Shot,76.7401,0.7058,40.2963,103.5243,14.0133,1.462,4.6153,0.3672
Cut Shot,126.1469,0.4172,27.2952,136.124,20.5855,0.7289,7.4559,0.3912
Cut Shot,70.5415,0.121,32.0433,96.5456,38.99,0.3932,7.735,0.2432
Leg Glance,87.7825,0.2068,32.56,130.0858,26.9294,0.968,20.8606,0.5029
Cut Shot,69.0797,0.1322,2.3345,125.5744,19.5624,1.044,34.2929,0.302
Pull Shot,134.1972,0.8624,68.1422,104.7376,36.0774,0.7461,5.4703,0.1089
Cover Drive,128.8564,0.8734,24.1016,144.323,31.1416,0.6447,41.3553,0.5432
Straight Drive,133.6752,0.7157,55.3015,122.6289,19.8907,1.0241,75.1201,0.669
Cut Shot,78.5727,0.2672,13.5279,119.8237,32.2857,0.6155,24.8672,0.0596
Cover Drive,129.7785,0.3483,49.2167,145.8128,25.3311,0.9634,58.1725,0.5278
Cover Drive,132.6187,0.6267,23.9021,164.8712,37.9627,1.5023,31.4769,0.4739
Pull Shot,100.192,0.7326,30.7494,106.3699,39.8706,1.224,9.9754,0.1425
Cut Shot,95.3328,0.5417,17.0857,129.0251,16.3618,1.0603,24.7725,0.391
Leg Glance,113.8837,0.202,25.7757,98.9677,29.9424,0.9654,32.368,0.5561
Straight Drive,129.9171,0.718,17.1624,149.6199,40.6582,0.9884,84.094,0.4806
Cut Shot,107.4923,0.0428,19.1805,115.2303,17.5815,0.9785,16.5129,0.3548
Cut Shot,122.7943,0.2489,1.059,130.8968,29.9195,0.4693,13.5014,0.4228
Straight Drive,122.797,0.9071,34.0189,129.9159,20.6221,1.2116,62.0159,0.6018
Pull Shot,109.5522,1.0638,23.8712,113.1708,37.0171,0.702,6.889,0.3422
Straight Drive,146.3373,0.6177,35.9632,139.9535,26.6247,1.1599,70.2314,0.5926
Leg Glance,128.0738,0.2001,38.26,119.7358,25.1222,0.8942,43.5885,0.5376
Straight Drive,148.1882,0.809,38.2274,129.9382,37.5932,0.6084,76.9528,0.6126
Leg Glance,143.0123,0.354,7.5638,140.5042,42.7002,0.5408,35.3489,0.497
Straight Drive,119.9086,0.8413,22.7818,175.0569,33.2046,0.4487,67.8173,0.7302
Cut Shot,95.6639,0.2388,30.51,127.918,32.5213,0.419,26.0125,0.2699
Cover Drive,96.0638,0.8717,48.1914,114.8792,29.259,1.5409,29.5712,0.4685
Leg Glance,141.7527,0.29,23.322,110.4318,9.5127,0.5673,22.3002,0.6528
Leg Glance,141.4576,0.2848,41.7846,130.1941,44.2099,0.3314,20.3558,0.4456
Pull Shot,77.7595,0.7391,47.914,98.0976,25.7902,1.3978,16.7011,0.191
Straight Drive,145.9623,0.631,22.1387,162.351,45.8568,1.0955,67.5174,0.6532
Pull Shot,123.2998,0.7967,58.0812,103.5784,40.1392,1.5293,18.7032,0.3151
Leg Glance,116.6206,0.2517,31.1651,130.9341,39.002,1.1256,42.2031,0.5821
Cut Shot,102.469,0.2461,32.1476,136.8809,11.426,0.9785,5.5071,0.3465
Pull Shot,111.1111,0.8403,32.54,102.9375,36.8271,0.5885,25.9453,0.1974
Cover Drive,95.8787,0.2784,25.8303,109.3087,36.0123,1.4788,24.3523,0.5259
Cover Drive,136.899,0.7724,27.2065,91.9776,39.7892,1.1874,49.391,0.7044
Leg Glance,129.0187,0.1872,17.4616,143.8513,10.137,0.6938,39.3893,0.3024
Pull Shot,124.7595,0.9655,62.0932,124.2846,40.9126,0.6238,16.9323,0.2009
Straight Drive,115.2777,0.5735,27.6138,124.5258,54.7781,0.9257,59.4833,0.6606
Straight Drive,134.0418,0.7737,55.1318,182.762,18.0766,0.5192,88.8275,0.7376
Leg Glance,113.4325,0.0825,9.6024,109.3723,43.7865,0.3325,36.3478,0.4526
Pull Shot,104.4833,0.7659,64.1097,122.1434,29.0939,0.6897,34.2019,0.1807
Leg Glance,140.9968,0.3267,36.5248,129.5855,43.5981,0.6516,36.7129,0.3873
Straight Drive,158.5814,0.759,34.928,148.8797,25.6846,0.7533,73.9921,0.6301
Cut Shot,121.9292,0.5496,23.405,115.1023,11.879,0.6611,20.3825,0.2947
Cut Shot,106.1369,0.1976,9.5461,147.0792,6.5434,0.3306,10.6855,0.2263
Pull Shot,79.6042,0.7909,47.7093,123.2133,40.3291,0.8846,18.4718,0.1411
Cover Drive,110.374,0.4903,41.2865,131.9969,32.8934,0.3329,59.0349,0.6232
Pull Shot,112.0203,1.0049,33.7656,120.595,28.18,1.3098,8.9664,0.3599
Cut Shot,105.7487,0.2723,28.6058,143.3854,40.2159,0.7606,22.419,0.1846
Cover Drive,117.411,0.3941,50.8464,124.5633,26.4894,0.7379,52.57,0.483
Leg Glance,100.9464,0.2562,21.1759,107.4648,19.2824,1.027,52.9009,0.4656
Pull Shot,116.6344,0.8073,57.8408,104.0577,21.998,1.317,24.4199,0.1958
Cover Drive,99.9491,0.8678,39.4626,144.3211,25.8754,0.42,50.6857,0.483
Cover Drive,137.9546,0.7934,25.6881,166.0038,24.8408,1.405,32.5244,0.6622
Pull Shot,107.3686,0.9548,42.6401,117.0369,30.2705,0.9924,19.5122,0.2625
Leg Glance,113.7351,0.0139,37.9133,101.758,22.5677,0.2277,42.6645,0.6129
Straight Drive,115.5942,0.9915,43.1302,153.3201,50.7706,1.194,79.2371,0.6103
Pull Shot,129.0453,1.0435,27.254,120.974,34.2902,1.3209,17.4641,0.2335
Pull Shot,124.4516,0.6524,70.0787,84.958,9.2528,1.5338,24.4118,0.1236
Leg Glance,146.2157,0.2422,29.4053,152.552,14.756,0.9832,22.2721,0.4866
Pull Shot,75.8729,0.9393,30.8053,118.0579,13.8624,1.2077,7.062,0.1894
Pull Shot,127.8405,0.9479,41.2257,89.737,25.3087,1.4906,11.3044,0.3048
Pull Shot,101.7779,0.6223,62.3138,119.5642,19.3057,0.9522,20.8179,0.2754
Pull Shot,116.6032,0.6617,40.7649,114.7556,13.8584,1.3201,0.0,0.1084
Straight Drive,112.6548,0.9615,18.3055,125.9303,34.5998,0.98,80.9447,0.639
Pull Shot,109.3878,0.8939,28.0664,86.0611,3.9084,0.4391,19.4917,0.2651
Cover Drive,129.1336,0.9429,42.3886,152.359,44.6769,1.2088,22.0167,0.7497
Cut Shot,75.8737,0.5163,24.5527,83.0431,4.5281,0.6573,27.6504,0.3054
Cover Drive,150.1565,0.6011,25.4842,135.2735,26.6284,0.5868,52.0072,0.4147
Pull Shot,79.334,0.7801,50.2425,88.6568,38.6831,1.5314,31.6063,0.3785
Pull Shot,134.672,0.5951,28.9457,112.3215,30.1318,0.8816,23.3582,0.3326
Straight Drive,158.7903,0.9195,28.7441,144.1904,53.1409,1.2596,81.9625,0.7409
Straight Drive,131.838,0.6634,40.7666,144.7455,39.7455,0.4821,85.4517,0.4731
Cover Drive,136.3017,0.4434,34.5653,119.4895,28.9667,0.5621,30.0649,0.5113
Pull Shot,86.6764,0.9556,64.6743,85.1257,31.6188,1.0328,22.3685,0.0215
Leg Glance,116.8512,0.0831,20.5499,155.6738,10.5038,1.0779,18.1525,0.5042
Pull Shot,88.3594,0.6416,52.06,108.2805,32.7145,0.6844,10.6432,0.0702
Leg Glance,99.46,0.288,29.1028,149.9076,24.1661,0.8962,40.2147,0.4579
Straight Drive,112.2334,0.8178,39.4034,145.5042,19.6907,0.5832,75.5191,0.6708
Leg Glance,103.0534,0.4646,22.0828,121.0082,17.315,0.3655,9.6163,0.4277
Cut Shot,96.0598,0.4796,25.3866,112.2931,4.8814,0.6781,6.2627,0.0548
Straight Drive,139.454,0.6872,50.3877,158.9502,60.9065,1.2768,78.4555,0.8395
Straight Drive,129.2289,0.6349,32.2626,121.5704,42.2882,0.8861,68.2716,0.6711
Pull Shot,128.1377,0.7614,49.651,103.8557,11.2163,1.1389,17.0341,0.3357
Pull Shot,109.0685,0.9875,43.4201,108.052,10.6959,0.9802,15.881,0.0355
Pull Shot,78.1257,0.6858,27.9365,96.4235,30.023,1.1748,6.6944,0.2581
Cover Drive,154.9884,0.6663,28.1607,163.9221,35.5521,1.0022,48.2547,0.6251
Cut Shot,75.2239,0.4657,8.6936,129.0583,17.5525,0.4554,20.1438,0.2375
Pull Shot,113.6722,0.9154,32.8201,79.7243,35.6487,0.5873,23.1567,0.1302
Pull Shot,132.5579,1.0925,26.3864,75.429,11.0118,1.4035,22.2792,0.2961
Pull Shot,129.2506,0.642,50.3093,114.3541,12.8742,0.6748,14.3197,0.2555
Cover Drive,120.0664,0.3172,38.2835,173.7877,53.1157,0.8313,41.8561,0.4885
Leg Glance,100.573,0.1799,8.056,133.8485,32.3067,0.8455,28.4921,0.5281
Pull Shot,120.4907,1.1335,61.082,91.0475,3.9975,1.1802,25.2267,0.2059
Cut Shot,108.2663,0.2595,14.7751,125.2353,10.1984,0.9853,11.25,0.2846
Cut Shot,108.891,0.4644,5.5353,134.9715,19.2113,0.4367,16.9793,0.1948
Straight Drive,146.4677,0.8713,21.7526,146.1414,44.7044,1.4953,69.1697,0.7359
Pull Shot,77.4172,1.0979,28.0706,85.0077,18.3108,1.0827,9.162,0.09
Straight Drive,127.5112,0.5983,57.6238,164.0161,16.159,0.8098,53.977,0.5678
Leg Glance,145.961,0.2984,33.3968,133.5757,17.1097,1.2379,40.683,0.6028
Pull Shot,96.3884,0.7053,51.2537,117.9487,15.5577,0.9803,17.8384,0.0654
Pull Shot,97.4376,0.7251,42.309,96.1098,15.5635,0.8204,20.9176,0.2542
Cover Drive,94.7694,0.8859,30.0898,142.2246,46.5791,1.2633,30.1466,0.5525
Straight Drive,112.9127,0.5299,35.313,166.5383,31.3607,0.7989,65.9952,0.5849
Pull Shot,123.9651,0.8956,40.6017,113.4053,41.4277,0.6671,29.9281,0.3019
Pull Shot,120.3659,0.5218,44.0287,118.3593,36.1168,1.3697,26.0446,0.1495
Leg Glance,102.7663,0.2548,18.1799,148.3465,19.5688,0.5019,29.6333,0.5825
Cut Shot,82.083,0.3503,29.7267,122.4726,21.3957,0.5843,25.6546,0.2255
Cut Shot,76.7304,0.1749,12.5809,145.8918,15.4967,0.4024,1.9969,0.1781
Leg Glance,94.2787,0.1196,14.5774,112.0528,43.7374,1.0051,39.1405,0.447
Leg Glance,121.8222,0.2003,6.953,104.3601,15.6611,0.5938,18.3845,0.2204
Pull Shot,117.4568,0.6464,47.5483,99.0071,35.6834,1.0455,19.1221,0.1237
Straight Drive,129.4381,0.6794,49.2983,165.7988,45.4485,1.258,76.1401,0.7658
Leg Glance,105.9271,0.0,34.1687,124.1199,41.7133,0.4064,27.2214,0.569
Straight Drive,161.4735,0.872,34.1169,118.0407,33.9324,0.704,89.3756,0.8526
Straight Drive,108.0657,0.7869,47.2144,141.5058,27.4976,0.9692,71.4435,0.6047
Cut Shot,125.7313,0.2987,1.5314,100.0454,41.0014,0.537,14.8425,0.1517
Pull Shot,131.4323,0.772,33.758,93.0386,16.9881,0.6667,2.0578,0.168
Straight Drive,119.8567,0.8715,23.7981,156.5988,39.3236,0.5407,61.916,0.733
Cut Shot,91.3358,0.2237,8.7509,104.8801,32.4459,0.5537,15.9879,0.3728
Leg Glance,119.6669,0.3497,32.2745,136.9855,27.6075,0.6238,40.2148,0.6508
Leg Glance,134.5359,0.3733,29.4336,125.139,28.7938,0.921,47.1777,0.5251
Cut Shot,87.2094,0.1335,39.259,109.2965,24.9301,0.9127,13.4448,0.1215
Cover Drive,121.2449,0.7287,27.7357,135.2574,52.6932,0.6736,23.5759,0.677
Pull Shot,95.7203,0.7283,71.8369,89.8128,32.5735,0.6445,15.8273,0.2621
Pull Shot,80.6928,0.9766,34.604,128.3119,42.8084,1.494,36.2815,0.3429
Leg Glance,96.2167,0.2743,34.577,148.9015,13.3203,0.7317,42.0438,0.3532
Cover Drive,119.6642,0.4123,52.6755,108.4485,46.9421,0.8949,15.7087,0.5973
Cut Shot,101.9563,0.4345,2.7047,142.048,32.1623,0.7915,21.5497,0.1151
Pull Shot,94.0547,0.7575,46.101,97.4362,13.7451,1.4701,21.6792,0.0668
Leg Glance,106.0837,0.305,8.9816,114.5998,36.9608,0.8141,24.3871,0.3914
Cover Drive,122.9028,0.3265,21.0364,161.8545,46.9079,0.3672,24.2567,0.6645
Pull Shot,127.3524,0.9751,79.7905,102.0737,38.4774,0.7721,18.1799,0.1654
Leg Glance,124.4013,0.1881,30.8192,150.3874,31.5357,1.2933,11.7287,0.5845
Leg Glance,108.5032,0.2905,19.7858,113.8703,29.0489,0.4596,8.9013,0.4688
Cover Drive,125.8506,0.6475,38.8153,138.5717,39.6966,0.7802,29.5573,0.6719
Pull Shot,107.9858,0.6787,39.6762,76.6852,30.3941,1.4612,19.5974,0.2699
Cut Shot,106.9051,0.1425,18.747,110.109,26.7899,0.5742,10.0794,0.2834
Cut Shot,82.885,0.4075,9.7873,112.2641,26.457,0.3157,24.8041,0.1366
Leg Glance,102.5754,0.2579,29.7702,109.4195,30.0684,1.0429,31.1789,0.3409
Cut Shot,102.5057,0.3452,12.1756,104.8844,34.5734,0.4327,6.3799,0.3325
Cover Drive,127.4724,0.4444,49.7146,163.3589,24.8753,0.9773,49.9937,0.5498
Pull Shot,125.674,1.1035,47.4668,93.5139,26.0176,0.7209,16.7866,0.2618
Straight Drive,111.5483,1.0537,44.2917,133.3612,47.1729,1.2734,77.6344,0.7158
Leg Glance,127.1011,0.2527,23.3858,113.4961,13.2477,0.4837,10.388,0.2951
Cover Drive,104.7532,0.8871,25.1679,116.9008,51.0909,1.0712,64.0205,0.5137
Leg Glance,100.7683,0.0817,32.5047,142.1589,25.3399,0.4815,54.7007,0.4269
Pull Shot,114.3952,0.8299,34.3724,129.6943,21.1771,0.6467,21.9873,0.1749
Straight Drive,150.8532,0.7257,26.6802,165.3068,18.8349,0.4514,68.6969,0.6344
Pull Shot,69.7945,0.6746,29.1292,121.7707,35.707,1.062,8.9262,0.2228
Pull Shot,109.2776,0.7802,64.0846,87.8446,26.1563,0.8304,27.2996,0.0718
Pull Shot,104.0625,0.6598,26.7896,92.0186,24.1682,1.0311,17.3094,0.343
Cut Shot,71.0201,0.1996,3.2157,95.7824,10.9225,0.7123,17.9991,0.3563
Cut Shot,91.7301,0.3052,24.0459,102.9806,15.2902,0.9076,28.9716,0.1094
Cover Drive,150.4304,0.761,39.7061,159.7048,41.3224,1.2256,24.985,0.6195
Cover Drive,113.1002,0.6785,44.5605,168.3183,53.2564,1.5024,25.1021,0.5617
Pull Shot,111.1494,0.9847,52.3087,93.3849,27.1475,1.5406,6.6472,0.3618
Straight Drive,134.835,0.7946,23.5266,139.137,57.5867,1.2707,78.9171,0.7043
Cover Drive,145.4385,0.6548,14.4104,114.1512,16.2826,0.7414,43.2143,0.5124
Leg Glance,150.1577,0.2789,22.4863,143.0234,42.6512,0.9241,41.6406,0.3298
Leg Glance,129.7096,0.0,28.8026,97.8014,13.4942,0.8184,37.0357,0.5922
Pull Shot,118.3521,0.7728,49.9152,104.0777,44.8352,0.8286,21.3144,0.3008
Leg Glance,111.8519,0.1847,16.2108,161.6688,28.3415,0.5141,25.8616,0.5788
Leg Glance,94.5511,0.2137,44.6842,144.3405,23.7879,1.125,15.0026,0.5528
Cover Drive,99.7427,0.6033,24.3256,146.2526,38.7368,1.0072,43.2112,0.3887
Cover Drive,86.7555,0.5349,51.9673,118.8085,40.5824,0.6511,57.3168,0.489
Cover Drive,116.8043,0.8028,50.2004,108.1872,51.0327,1.223,33.8461,0.7446
Straight Drive,125.6625,0.4984,30.1197,144.0161,44.6433,1.1519,63.2741,0.7193
Leg Glance,137.3855,0.2306,27.2347,151.9986,19.3435,1.009,31.4923,0.6822
Cut Shot,114.7569,0.2015,12.5837,136.1205,8.9483,1.063,20.0382,0.1443
Cut Shot,78.7642,0.2623,2.4404,127.2105,17.9229,0.8279,22.0618,0.2437
Cut Shot,84.8895,0.5929,12.4775,104.0683,25.2717,0.9146,19.8392,0.3646
Straight Drive,127.6322,0.6298,35.8504,147.0018,30.8098,0.852,80.2801,0.5895
Leg Glance,121.7142,0.1992,16.4048,146.1748,16.051,1.0824,38.7181,0.338
Cover Drive,141.2623,0.5759,29.7474,164.6979,40.3243,0.6375,56.3169,0.6654
Cut Shot,74.7734,0.4691,30.1511,131.4562,29.5945,0.2965,12.9899,0.3467
Cut Shot,72.0035,0.2168,14.8639,106.2912,31.2947,0.5413,30.7941,0.0381
Pull Shot,72.5604,1.1091,33.6799,95.1773,39.2651,1.4866,19.7297,0.2628
Cover Drive,111.2768,0.8498,27.0966,152.4861,45.1675,1.3872,40.0017,0.5427
Leg Glance,124.9071,0.1624,6.3605,125.419,10.257,0.7305,34.3031,0.3755
Leg Glance,131.4402,0.3549,15.7647,151.6704,14.4001,0.6344,23.6273,0.4791
Straight Drive,155.627,0.9579,44.6223,156.8557,33.7374,1.3026,60.4296,0.5649
Straight Drive,149.8378,0.6215,29.089,176.7033,57.6945,1.0017,78.2393,0.8347
Pull Shot,84.3243,0.6699,38.3329,114.0315,35.4134,0.3848,14.1304,0.3005
Cut Shot,108.1038,0.4484,27.6062,116.9167,29.802,0.6347,22.7761,0.2475
Straight Drive,154.0303,0.6217,27.7179,158.1762,48.8877,1.2359,76.5005,0.7245
Leg Glance,141.5551,0.2975,14.9924,111.1722,35.5552,0.6967,42.091,0.6196
Cut Shot,113.3227,0.274,17.8705,133.1198,10.251,0.3628,27.1017,0.325
Straight Drive,143.8562,0.95,44.8536,152.6881,21.7683,1.2642,68.9035,0.6278
Leg Glance,112.9857,0.2803,5.4513,161.0088,10.9677,0.6598,14.2928,0.5443
Straight Drive,156.9564,0.7792,40.0193,150.2161,35.2003,0.624,61.1086,0.8956
Straight Drive,145.4858,0.6372,32.1693,134.7819,23.3442,0.712,74.6456,0.799
Pull Shot,86.3839,1.0411,55.4176,117.8947,15.8013,1.2177,29.2408,0.282
Pull Shot,125.681,0.84,49.5469,126.6195,27.7175,0.9046,21.2087,0.253
Pull Shot,136.6752,0.7675,39.5112,84.7462,9.8756,0.551,12.5171,0.0818
Cut Shot,121.9554,0.3294,16.6662,127.9945,33.6058,0.7608,18.5774,0.3097
Pull Shot,91.8571,1.0782,28.5878,91.8412,12.3197,0.61,27.9746,0.3016
Cut Shot,123.4712,0.2186,32.0657,110.7966,15.7924,1.1216,9.7155,0.0799
Straight Drive,124.9717,0.8585,38.665,136.5619,49.8918,0.7102,81.777,0.5889
Cut Shot,94.5352,0.3877,27.545,126.0775,34.9203,0.4978,17.6299,0.0525
Cut Shot,123.8468,0.4174,18.8909,135.0373,22.9368,1.2179,15.6013,0.0339
Leg Glance,144.833,0.2615,37.7599,118.2814,40.0464,1.0238,13.3976,0.5478
Pull Shot,85.7348,1.0912,27.2365,98.9611,28.4753,1.2289,26.001,0.2371
Pull Shot,84.696,0.7195,31.9447,88.2539,25.8924,1.4157,25.0139,0.137
Cover Drive,87.8602,0.3994,46.1922,127.8814,19.2291,0.3902,45.3287,0.6976
Cover Drive,100.6056,0.6267,33.8853,139.5601,15.9703,0.7615,38.2973,0.4771
Straight Drive,148.0323,0.8632,27.6527,108.4758,47.608,0.548,78.2853,0.7909
Leg Glance,116.8364,0.2475,22.397,161.9609,19.0266,0.6764,15.2382,0.5163
Straight Drive,126.2566,0.9414,23.8246,158.6517,36.564,1.1324,53.0427,0.7109
Cut Shot,106.8745,0.2725,26.3691,86.4336,6.1898,0.6949,0.0384,0.204
Leg Glance,124.091,0.2587,7.305,114.2991,25.3346,1.0297,38.9422,0.4257
Leg Glance,103.0995,0.2956,24.3,153.6945,37.9601,1.251,53.2707,0.437
Straight Drive,142.7887,0.6913,30.1333,135.2129,31.3253,0.7279,85.4516,0.6214
Cut Shot,84.5561,0.5371,11.4479,151.498,26.2768,1.0942,18.9157,0.1601
Cover Drive,139.6928,0.7172,43.9255,138.9038,29.9506,1.2918,50.8606,0.5862
Straight Drive,147.5078,0.896,40.7571,160.6046,25.456,1.2076,76.4202,0.4833
Cut Shot,113.5527,0.4392,17.2292,105.5122,21.5802,0.6275,20.8219,0.1216
Cover Drive,97.1237,0.7933,27.5775,143.551,17.4253,1.3272,43.1173,0.4684
Cover Drive,92.6841,0.7999,32.1309,156.1501,32.3581,0.4721,28.6829,0.5166
Cut Shot,119.7118,0.4771,26.8085,144.176,37.0518,0.4207,28.5688,0.1178
Cut Shot,123.5585,0.2004,26.1702,95.9913,16.2568,0.6254,26.0551,0.1228
Cut Shot,100.0918,0.42,12.9484,137.8875,33.7855,0.7188,20.8129,0.0636
Cut Shot,94.8064,0.1909,25.8419,142.4292,10.7658,0.9446,12.9002,0.2219
Cover Drive,104.9695,0.6336,28.5644,136.6126,29.0258,1.2451,44.6201,0.4683
Cover Drive,150.1852,0.5492,8.9602,92.2142,22.2877,0.6252,40.3635,0.7251
Cover Drive,151.6861,0.6912,31.0876,130.0214,22.1468,1.2667,16.01,0.5965
Leg Glance,133.498,0.1402,28.2069,150.9448,12.2013,1.0364,8.3969,0.2926
Cover Drive,92.0276,0.3832,28.3563,144.1968,25.7816,1.3984,41.6396,0.453
Cover Drive,107.0684,0.3704,22.6387,140.7575,51.4595,0.738,35.2201,0.6722
Pull Shot,83.0789,1.0709,16.6782,99.3561,39.7099,1.533,23.8607,0.2877
Cut Shot,94.5638,0.3495,26.6313,118.9876,37.3765,0.7164,12.0612,0.2736
Leg Glance,109.7714,0.2215,7.0631,128.6968,8.7798,0.5155,33.497,0.6866
Pull Shot,138.8375,0.8395,28.8207,130.6178,20.886,0.7096,23.3893,0.0651
Cut Shot,116.0306,0.5409,4.0099,155.4424,36.2215,1.0734,13.8681,0.3929
Straight Drive,121.4715,0.6258,39.8753,144.3062,22.9966,0.8893,80.9618,0.763
Pull Shot,80.9283,0.9217,67.1807,84.7277,43.4355,0.8483,13.2587,0.1357
Leg Glance,125.5416,0.0648,9.2844,156.7825,14.7406,0.9774,46.4613,0.6537
Pull Shot,99.2389,1.0509,39.4123,111.9416,32.111,0.6778,12.6491,0.2217
Cut Shot,72.6244,0.3139,12.4692,117.4696,11.6071,0.467,15.5089,0.2216
Leg Glance,113.0725,0.1642,26.2629,150.3576,40.1506,0.6938,34.834,0.5152
Leg Glance,126.5437,0.2106,26.6219,117.2726,42.1543,1.1521,11.2062,0.4308
Cut Shot,112.592,0.4638,20.4252,123.2929,11.697,1.1436,23.4595,0.1807
Cover Drive,155.7422,0.6933,21.4553,144.3243,44.9809,1.2146,50.076,0.7781
Straight Drive,109.5788,0.5175,28.0804,153.3417,22.0546,0.6779,75.3734,0.7923
Pull Shot,104.4418,0.7534,59.9956,87.9036,43.2942,1.1868,20.9513,0.1025
Pull Shot,85.2293,1.1153,55.856,123.4933,45.3491,0.5131,20.8087,0.0313
Pull Shot,89.0785,0.8751,25.2394,86.7186,13.6105,1.3512,7.2858,0.1256
Cover Drive,149.7052,0.7358,64.9548,133.4312,31.9384,1.1317,20.1642,0.765
Leg Glance,121.5072,0.2781,33.4445,140.3373,17.7241,1.1684,21.0747,0.4511
Cover Drive,121.5353,0.8259,41.0783,135.409,37.2386,1.178,33.9995,0.382
Pull Shot,116.2526,0.8059,36.1491,82.1145,6.6339,1.0614,0.0,0.3075
Pull Shot,107.9605,0.9855,52.6949,104.4619,39.63,0.5561,3.9692,0.3718
Straight Drive,149.4484,0.9617,27.7108,163.7409,19.568,1.2415,86.9536,0.7777
Cut Shot,111.1869,0.239,23.1909,101.7909,30.2717,0.8261,23.3132,0.0951
Pull Shot,92.4978,1.0035,43.7695,101.9358,13.2402,0.6378,21.0611,0.0746
Pull Shot,91.1269,0.8486,35.5842,97.261,21.5831,0.4914,12.9823,0.3515
Leg Glance,105.7089,0.0047,20.5697,112.4165,23.5357,0.8927,25.8141,0.5179
Leg Glance,113.6071,0.3571,6.5418,107.1638,40.9884,1.0367,32.1665,0.5232
Pull Shot,82.585,0.8454,26.9113,126.1617,24.7907,1.4897,26.2138,0.2564
Leg Glance,121.8144,0.1366,33.832,115.7522,30.9474,0.9862,55.3616,0.3834
Straight Drive,128.7841,0.8046,15.5053,121.0059,36.8405,1.2524,76.9326,0.7387
Cover Drive,122.2329,0.6278,37.3822,168.2971,23.7054,1.5937,57.7555,0.7237
Leg Glance,121.7619,0.2143,33.4353,118.3786,33.3564,1.3552,31.4978,0.629
Straight Drive,134.2868,0.5388,15.5543,146.9799,23.981,0.9758,79.4188,0.5494
Leg Glance,104.0223,0.3587,34.3216,158.6893,20.1252,0.8401,37.1978,0.4697
Cut Shot,108.3302,0.2011,22.598,103.5373,27.2734,0.6375,10.9063,0.2311
Cut Shot,113.7189,0.5529,11.1073,106.428,17.8908,0.5493,22.9735,0.1938
Leg Glance,129.5433,0.1725,40.4724,132.7134,32.6808,0.7257,21.2048,0.4134
Cover Drive,126.6379,0.6132,37.2618,138.51,30.924,0.5779,36.3285,0.6949
Pull Shot,90.3687,0.7175,47.7268,107.4616,30.4684,1.0363,19.2928,0.2285
Leg Glance,149.1329,0.0,27.3184,142.8118,32.7482,0.5872,46.2945,0.5006
Leg Glance,129.7582,0.1627,35.4454,149.4486,33.0873,0.5404,28.7634,0.3907
Straight Drive,113.2482,0.7896,7.3051,150.4623,26.6645,1.3964,76.7442,0.6832
Pull Shot,80.8716,0.9057,67.9512,74.1716,25.2168,0.6336,12.5505,0.2085
Leg Glance,134.5992,0.3255,32.8855,94.2451,12.1617,0.6508,39.5715,0.3493
Leg Glance,121.9848,0.2084,21.776,131.4459,14.5904,0.8113,36.4439,0.5027
Cover Drive,128.1423,0.7977,27.313,110.6638,31.3755,1.1742,40.919,0.7117
Straight Drive,138.1105,0.8538,18.0673,161.5614,42.9273,0.467,73.4916,0.7769
Cut Shot,115.0441,0.2381,23.8913,100.962,12.5888,0.2396,22.5897,0.4187
Cover Drive,119.4793,0.4584,26.1486,158.0461,47.8568,0.7885,39.4669,0.6412
Straight Drive,122.5443,0.8399,54.1269,146.6175,46.146,1.3487,96.3545,0.8687
Cut Shot,75.3424,0.2264,26.5053,107.0756,26.7394,0.5994,31.0855,0.081
Cut Shot,97.1141,0.5066,18.0584,127.0659,13.77,0.9145,14.5712,0.2234
Leg Glance,115.4681,0.2801,34.4032,145.4966,41.1129,1.0624,29.4691,0.4412
Cover Drive,137.6418,0.7208,40.7279,174.2275,33.7582,1.0732,41.5466,0.5649
Cut Shot,97.5143,0.5299,39.4542,104.1032,7.3637,0.5573,17.3471,0.1755
Cover Drive,110.9352,0.7889,16.2526,129.4034,29.3613,0.8371,29.8192,0.4374
Cut Shot,72.5263,0.5567,23.1444,119.59,30.8438,0.7211,14.4416,0.2578
Leg Glance,133.2979,0.3622,30.5451,100.4176,24.7822,0.5996,46.5542,0.3304
Straight Drive,123.3927,0.8896,46.9745,127.4352,31.8355,0.9881,69.3135,0.7312
Cover Drive,107.7936,0.5922,40.2606,160.359,45.7676,1.1637,34.1668,0.4958
Straight Drive,157.8145,0.5643,37.8089,130.4141,47.2226,0.5458,61.0104,0.7967
Cover Drive,135.9867,0.5509,37.3539,140.9733,42.4526,1.1087,47.6611,0.7847
Leg Glance,114.7456,0.3144,37.2468,151.6326,31.0263,1.0427,24.1344,0.6713
Pull Shot,98.7039,0.8242,44.6515,119.3315,46.5646,0.5654,25.1691,0.1527
Cut Shot,81.2939,0.3924,25.1059,114.3306,37.6318,0.9571,7.7578,0.2348
Cover Drive,119.9205,0.4461,37.8281,115.8353,16.364,0.7367,22.7709,0.3255
Leg Glance,109.6382,0.2129,39.1539,122.4267,17.9176,1.1284,37.5026,0.5142
Cut Shot,82.5415,0.4161,18.7279,102.59,15.1741,0.8343,14.6563,0.1622
Cut Shot,87.2301,0.1616,22.743,98.5677,17.6247,0.9383,37.5565,0.1355
Pull Shot,96.695,0.9996,47.0596,111.4912,13.8065,0.6444,24.233,0.2466
Pull Shot,106.1144,1.0228,60.2592,122.3441,18.8508,1.2699,22.6742,0.1953
Cover Drive,148.8613,0.5975,26.8607,119.7907,52.559,0.9494,39.2207,0.6254
Cut Shot,82.872,0.4698,28.92,141.9708,23.6211,1.0494,28.069,0.1938
Cut Shot,95.2055,0.4577,18.6952,113.2844,18.3188,0.8437,33.7324,0.3062
Straight Drive,120.9176,0.8192,25.4496,163.7329,55.1622,0.8413,88.335,0.6826
Pull Shot,89.7323,0.6737,23.966,82.0467,31.9923,1.1959,25.6085,0.2873
Cover Drive,130.8344,0.3743,50.1831,163.8502,27.8378,1.1729,22.224,0.5569
Cover Drive,118.0247,0.6462,25.9548,137.9628,44.5793,1.3897,18.5945,0.6218
Leg Glance,131.328,0.2436,23.1283,140.6017,24.2131,0.9017,15.7492,0.4074
Leg Glance,98.6234,0.2531,31.2635,107.9213,22.2962,0.5343,40.462,0.5553
Cut Shot,80.0463,0.269,7.199,118.5751,20.6919,1.0289,13.7618,0.1046
Straight Drive,146.4828,0.8568,25.1097,128.7831,50.0786,0.9595,90.85,0.7191
Cover Drive,119.9495,0.4178,43.3774,162.5394,24.6819,1.1153,50.4139,0.4684
Leg Glance,126.3799,0.133,38.497,103.536,39.4719,0.7768,49.4094,0.6111
Cover Drive,129.9851,0.6712,25.8052,102.5678,53.7924,0.5543,30.1281,0.5824
Pull Shot,87.8345,0.9151,45.3549,111.4771,29.7366,1.5831,7.944,0.0989
Straight Drive,124.6612,0.5722,53.3411,133.7759,27.7691,0.7938,75.0215,0.7661
Cut Shot,82.0117,0.1892,6.6994,110.4072,24.7604,0.5499,29.8597,0.1828
Cut Shot,99.6931,0.1444,20.193,113.5747,37.5663,0.5232,26.259,0.1872
Cut Shot,86.5527,0.1755,9.2714,141.624,9.9044,1.0944,15.5797,0.156
Cut Shot,107.2049,0.4015,29.7497,97.049,31.922,0.9986,17.5006,0.224
Straight Drive,136.9513,0.5446,42.8853,128.5566,44.8837,1.3846,67.985,0.7705
Pull Shot,109.6214,1.0412,59.1439,90.6993,30.2907,1.3793,11.3419,0.3623
Cover Drive,136.7303,0.4597,12.5731,154.2708,21.9597,0.5926,44.7158,0.6007
Cut Shot,90.4286,0.3569,15.56,122.9354,28.6867,0.811,16.5067,0.3012
Cut Shot,105.3135,0.473,31.0663,103.8646,17.167,0.9427,23.742,0.1237
Cut Shot,99.5471,0.5484,14.8087,90.2696,16.1773,1.3038,17.8935,0.1234
Pull Shot,90.7903,0.6912,49.714,83.7365,18.4264,0.4555,18.8247,0.2015
Straight Drive,106.7995,0.9792,43.8107,122.9891,39.0283,1.0052,76.8977,0.6974
Cover Drive,115.7883,0.4871,50.0003,134.9545,30.8045,0.6851,40.6134,0.5044
Straight Drive,126.2802,0.9204,27.3752,138.7815,24.1715,0.373,68.6732,0.5741
Pull Shot,107.9195,0.9473,33.3463,114.1858,32.7672,0.4406,21.3789,0.2246
Leg Glance,120.3336,0.1668,42.351,158.0385,14.3442,0.9263,57.6462,0.6278
Straight Drive,119.9127,0.5796,43.7707,137.8674,31.0264,1.2262,80.281,0.8731
Leg Glance,123.8051,0.002,30.8441,155.1571,32.9148,1.2,44.8614,0.3738
Cover Drive,121.3922,0.6301,22.0399,147.0141,30.9595,0.7845,42.6253,0.7511
Straight Drive,151.2737,0.7278,48.6386,166.1174,43.5832,0.9068,60.95,0.7671
Straight Drive,128.1242,0.5721,45.0847,142.1474,27.4263,1.2741,57.7177,0.7101
Pull Shot,125.0474,1.075,65.6507,119.0259,33.7953,1.0488,11.8151,0.2182
Pull Shot,124.5103,0.6177,65.2937,89.0507,27.372,0.7878,24.2899,0.2523
Cut Shot,87.2134,0.4114,37.4761,117.2439,30.3028,0.6633,31.4873,0.0
Straight Drive,144.8229,0.6423,49.3817,127.3906,31.3376,1.2096,65.8307,0.6453
Cut Shot,112.5794,0.2936,11.8554,103.462,28.2092,0.3608,12.6985,0.228
Straight Drive,112.5613,0.8487,50.2671,131.5045,43.3088,0.8836,68.2206,0.6827
Leg Glance,105.2118,0.1317,39.5091,148.3106,17.698,0.5958,30.7747,0.5976
Cover Drive,122.7337,0.3255,53.7849,140.0084,36.2731,1.2686,50.3668,0.6288
Straight Drive,124.4103,0.7012,18.792,156.9803,27.9413,1.4447,78.294,0.8379
Straight Drive,139.3326,0.9459,36.6599,153.7391,45.6867,0.8145,83.3932,0.8071
Pull Shot,110.6757,0.8765,35.2893,90.8826,16.8241,0.957,10.7836,0.3162
Pull Shot,71.045,0.7562,61.5847,108.305,16.9781,1.3338,24.501,0.3745
Cover Drive,99.3024,0.3839,50.8082,140.2678,21.0856,1.3173,28.4198,0.7772
Pull Shot,128.4145,0.9588,66.8928,105.7633,16.5441,0.9902,17.2487,0.0412
Pull Shot,85.9017,0.8063,49.0253,82.1959,35.7158,1.0203,17.4122,0.1347
Straight Drive,140.9599,0.9721,40.2626,129.9602,40.0115,0.7137,85.537,0.8036
Pull Shot,125.4911,1.0559,67.8856,124.4272,29.5554,1.3759,17.2367,0.2575
Cover Drive,111.8048,0.6419,20.8772,108.3303,22.3872,0.5158,51.2375,0.5003
Pull Shot,120.4807,1.0356,66.2471,110.7968,29.2444,1.4209,11.8928,0.0769
Pull Shot,116.6225,0.9657,53.7553,80.867,31.2061,1.0465,10.7761,0.3814
Cut Shot,90.8161,0.493,15.3179,94.3261,19.9426,0.3488,12.7038,0.2897
Leg Glance,125.3367,0.3181,22.847,132.9885,7.7737,0.9042,52.9509,0.6033
Straight Drive,144.9272,0.7384,44.4965,158.6146,40.2776,1.3493,79.5297,0.6738
Cover Drive,134.9638,0.7708,38.2547,145.3565,22.8566,0.7058,54.2269,0.6737
Leg Glance,108.7602,0.1791,13.203,121.2567,20.9144,1.244,24.7344,0.4261
Straight Drive,123.4166,0.8218,25.9597,159.7317,51.75,1.076,76.1773,0.5644
Pull Shot,114.2884,0.6978,23.1978,90.9744,39.3869,0.9491,0.0,0.1644
Leg Glance,119.0965,0.1322,22.355,144.5484,17.6027,1.2191,38.7849,0.3437
Cut Shot,99.5083,0.1679,0.0,129.2402,22.5343,0.9406,6.6517,0.1456
Leg Glance,135.2159,0.3931,15.5312,145.5502,17.0583,0.5448,45.1871,0.5067
Cut Shot,125.1825,0.2295,11.9183,123.1543,35.9185,0.6021,25.0269,0.2767
Pull Shot,97.3045,1.0015,20.3583,96.6169,2.7616,0.8649,27.6073,0.2844
Cut Shot,85.2704,0.3699,38.139,111.0589,8.6258,0.9943,31.6274,0.3431
Cover Drive,119.6165,0.6224,38.3058,164.1544,33.4618,1.4174,45.9311,0.4229
Cover Drive,131.9031,0.4548,16.957,122.1064,41.4594,0.5679,67.3344,0.56
Pull Shot,126.6543,0.9232,48.4798,99.6902,11.0937,0.6115,10.1053,0.268
Pull Shot,105.6124,0.5816,38.9746,85.588,10.7339,1.0051,28.4976,0.3764
Cut Shot,66.3692,0.1523,30.193,123.9801,6.4327,1.0326,17.2561,0.2626
Cut Shot,107.1547,0.1759,11.1209,102.5617,35.3269,0.6193,20.7053,0.3636
Cut Shot,74.0392,0.4543,29.713,118.0065,23.0666,1.0691,10.2401,0.3797
Straight Drive,135.752,0.6986,23.2882,123.7539,50.7205,1.0494,63.1394,0.8021
Straight Drive,122.4932,0.8159,24.0405,119.1723,23.0458,0.6798,74.6086,0.7689
Leg Glance,115.6247,0.3309,26.3133,110.5173,42.591,0.3669,21.9486,0.3355
Straight Drive,127.8561,0.5839,32.06,118.9648,54.0507,1.1799,76.8084,0.6561
Pull Shot,101.3266,0.8079,28.3185,86.0383,27.7518,1.3527,27.8884,0.2074
Pull Shot,132.1785,0.7886,51.9334,112.6542,18.3737,1.3978,20.8118,0.1744
Cut Shot,97.1032,0.1839,14.7809,94.5791,25.8499,0.3297,20.1735,0.1801
Leg Glance,136.3629,0.2907,41.4504,138.0035,16.3374,1.096,47.7495,0.4574
Leg Glance,143.3597,0.2243,16.0609,126.7678,29.8086,0.4293,39.0345,0.6154
Cut Shot,119.3774,0.5435,32.4376,143.7363,29.1634,0.9281,22.7911,0.118
Leg Glance,106.8133,0.0117,28.2224,137.9131,40.7395,0.9358,44.5216,0.3343
Leg Glance,117.5338,0.4057,18.724,122.1732,41.6838,1.1185,27.8029,0.378
Pull Shot,96.3218,0.7126,40.7927,74.7961,14.5018,1.1748,17.979,0.185
Straight Drive,109.7973,0.647,41.3142,150.5628,49.1036,1.3016,71.8575,0.7815
Cut Shot,119.4052,0.3469,15.2903,141.0459,6.696,0.6128,5.7753,0.2521
Pull Shot,102.6365,0.9119,40.7392,119.5433,42.9957,1.1628,23.5122,0.1293
Cut Shot,121.677,0.4478,17.5779,109.0881,35.1267,0.4287,25.0408,0.2024
Pull Shot,119.2185,0.8422,69.1002,121.6161,20.1764,0.6377,9.9809,0.3851
Leg Glance,137.5893,0.3497,37.3789,136.7399,2.7496,0.7459,20.7941,0.5952
Pull Shot,133.0488,1.0881,56.1262,124.0314,15.5677,0.6751,22.7424,0.1124
Pull Shot,124.4811,0.8582,23.8224,82.9301,39.0637,1.2192,30.3227,0.3237
Straight Drive,149.6462,0.8284,14.6668,136.1335,33.4679,0.7547,61.6647,0.7594
Straight Drive,121.1923,0.882,31.2555,166.2355,53.2879,0.9448,83.6969,0.7541
Cover Drive,96.2733,0.7779,46.0445,174.0347,14.6962,1.0269,38.3923,0.3612
Pull Shot,80.0671,0.558,71.28,78.9762,27.9591,0.8113,11.0692,0.3607
Pull Shot,101.7028,0.7493,74.4841,86.8758,38.6374,0.5677,10.5207,0.0714
Cut Shot,103.7812,0.4606,34.9469,139.2624,16.936,0.4743,15.9042,0.2392
Straight Drive,155.4128,0.7132,15.1738,158.9674,55.2231,1.2579,73.603,0.7898
Leg Glance,139.2732,0.279,11.8584,96.2718,7.8668,0.4592,24.238,0.3167
Cut Shot,122.1855,0.2496,35.0194,128.0604,32.6385,0.1182,29.1672,0.1502
Cover Drive,98.4887,0.9197,15.9359,150.7698,26.0413,0.6234,26.6836,0.4441
Cut Shot,103.4428,0.4932,16.8588,123.4003,23.9914,0.3199,21.7154,0.1198
Leg Glance,146.3313,0.081,16.0546,155.5077,18.1211,0.4881,22.838,0.5208
Cut Shot,96.325,0.4764,9.8791,104.3251,15.9701,0.5422,27.6371,0.1124
Cut Shot,81.9332,0.2958,35.8007,146.1621,11.1208,0.4363,11.4583,0.1792
Straight Drive,131.4762,0.5029,32.7402,139.5952,51.2395,0.9947,84.7829,0.6107
Pull Shot,87.2966,1.049,49.9575,108.4477,11.9522,0.8844,15.8114,0.1988
Straight Drive,134.4052,0.5975,52.6962,125.0159,53.3741,1.5274,76.9412,0.6736
Cut Shot,66.8566,0.2744,35.2648,131.9909,21.7637,0.3714,3.6186,0.0631
Leg Glance,128.3669,0.0734,11.236,151.7215,34.5563,0.552,30.219,0.3858
Straight Drive,125.606,1.0205,25.1165,116.1854,28.9431,0.5198,83.4598,0.8273
Leg Glance,144.8581,0.3717,30.3548,103.422,19.1821,0.9828,39.8059,0.4102
Cover Drive,98.283,0.5721,50.2379,142.2623,45.3992,0.4552,39.1476,0.6463
Cover Drive,97.9342,0.745,59.6409,128.2403,35.611,0.5267,35.7151,0.3425
Straight Drive,137.7064,0.5508,49.2447,149.0473,19.3085,1.1509,86.8915,0.6336
Cover Drive,126.123,0.6686,32.2881,152.2658,41.5778,0.6782,42.5295,0.4599
Straight Drive,110.6485,0.7398,32.1919,117.2011,28.7777,0.7199,58.1678,0.679
Cover Drive,145.3911,0.8341,17.5047,145.568,48.3197,0.3041,39.2008,0.5771
Pull Shot,67.1331,0.7681,71.3958,126.7622,17.9015,0.4969,36.9753,0.1109
Cover Drive,111.6738,0.8883,27.0639,149.5513,48.4141,0.7903,50.3279,0.5216
Cut Shot,75.4933,0.3221,8.9244,151.1471,18.7544,0.6634,23.2135,0.3954
Straight Drive,110.8698,0.7888,25.7017,118.4871,47.8235,0.6076,62.9043,0.6524
Cover Drive,100.1383,0.7393,52.384,129.6178,26.1668,0.6161,23.9802,0.5012
Straight Drive,110.2406,0.8048,47.101,155.2737,23.2469,1.0069,83.0627,0.8184
Pull Shot,121.9064,0.8808,47.611,107.9257,20.8353,0.6106,11.0577,0.3507
Cut Shot,73.8744,0.2568,37.3497,99.9011,25.2398,0.9314,6.3148,0.1637
Straight Drive,157.9015,0.8716,27.0604,166.3248,53.4918,0.8854,82.1114,0.5671
Cover Drive,131.9828,0.446,21.7907,123.3639,33.7945,0.3665,43.9736,0.638
Cover Drive,116.3893,0.6919,24.4803,142.3046,47.6348,0.3204,38.9968,0.6636
Pull Shot,99.6213,1.1428,40.0067,107.5807,23.4741,0.6519,21.8348,0.4089
Straight Drive,126.5286,0.5471,44.0397,126.998,36.4388,1.0999,81.6682,0.8548
Pull Shot,103.0877,0.7712,46.8826,102.2313,18.8292,1.2155,22.1745,0.1022
Straight Drive,107.0664,0.7664,32.5366,124.1848,30.1331,1.0665,76.8175,0.7506
Pull Shot,105.0802,0.6721,51.1305,125.0234,18.1136,0.9732,30.0627,0.1009
Leg Glance,143.2763,0.1875,27.5775,140.3636,32.2083,0.2925,23.7513,0.6615
Cover Drive,98.2944,0.533,48.0798,111.9886,24.2868,0.7954,26.195,0.6419
Pull Shot,70.0418,0.911,52.918,114.6733,40.2333,0.7845,17.0378,0.2961
Leg Glance,105.3537,0.3045,28.9725,126.263,17.5176,0.6572,23.9341,0.6207
Cut Shot,72.395,0.2947,12.6169,116.3582,36.8449,0.4931,23.3982,0.3585
Cut Shot,101.6864,0.5854,30.8922,128.2674,32.1684,0.896,9.5299,0.1823
Cover Drive,152.1015,0.6932,42.8203,148.1548,38.2454,0.8026,39.1249,0.6969
Cut Shot,97.0012,0.2825,9.4711,90.508,8.7852,0.4971,27.9328,0.0888
Straight Drive,151.5302,0.9272,26.837,129.9275,30.7697,1.2194,71.4926,0.6483
Cover Drive,96.6824,0.6402,38.2623,134.6184,47.2568,1.2594,26.9159,0.6045
Pull Shot,125.9795,0.6831,43.509,114.765,17.0412,1.4387,19.8818,0.2667
Pull Shot,118.5932,0.7799,62.3659,94.1512,28.3865,1.5311,0.0,0.0909
Leg Glance,146.3708,0.2894,41.6447,112.5219,21.5979,0.4807,28.855,0.6184
Pull Shot,131.3632,0.9192,41.0847,106.3873,24.556,1.1718,24.0406,0.1599
Leg Glance,111.9164,0.2574,17.7075,99.2934,30.9998,0.9088,13.7495,0.5267
Leg Glance,106.8471,0.4292,34.6189,116.9615,35.0386,0.497,52.3151,0.5997
Leg Glance,106.7772,0.0526,28.0278,152.8875,16.3828,1.0264,17.9979,0.6295
Straight Drive,107.0136,1.0337,49.2245,150.5068,49.5988,0.5341,61.4231,0.8203
Pull Shot,81.3158,1.0434,65.7281,102.0517,34.1674,1.5846,9.5494,0.3489
Cut Shot,108.4716,0.2814,35.5119,143.109,17.8426,0.9438,29.2266,0.3119
Pull Shot,123.0416,0.6936,41.2954,74.741,12.1866,1.5066,4.8679,0.1443
Straight Drive,147.8252,0.8832,26.3575,164.5847,46.1044,0.7875,60.9643,0.8135
Leg Glance,107.3458,0.4137,6.4446,149.4966,40.9524,0.9781,15.3742,0.4924
Straight Drive,151.3821,0.6999,40.8365,160.0957,24.6432,0.7642,74.9898,0.8002
Straight Drive,136.635,0.8299,16.3026,128.4595,14.9771,0.6531,71.9841,0.7365
Cut Shot,88.93,0.3531,31.5604,129.0439,32.6488,0.3317,32.7814,0.3521
Pull Shot,100.9904,0.8917,32.1954,106.6498,26.5758,0.4153,21.1994,0.1827
Cut Shot,101.8122,0.3345,34.5027,81.617,26.366,0.8235,12.7956,0.1697
Leg Glance,130.5083,0.1188,22.2411,141.5004,10.3305,1.2075,13.6625,0.3829
Straight Drive,152.3616,0.9573,44.3021,150.6907,32.1852,0.4473,67.5896,0.6855
Straight Drive,130.7866,0.7346,54.3485,116.1873,47.9495,0.9027,61.9983,0.8223
Leg Glance,111.966,0.3292,43.0703,95.461,15.1226,0.6837,19.8639,0.3287
Straight Drive,107.1899,0.5504,50.9948,162.8632,26.2852,0.9696,76.7884,0.528
Cover Drive,87.1475,0.4672,22.5453,115.174,29.3387,0.3124,53.8647,0.7212
Cover Drive,144.176,0.291,8.3641,120.2679,49.0426,1.0569,24.2984,0.4903
Pull Shot,105.3448,0.9097,52.4404,97.7402,10.8291,0.985,35.8673,0.0998
Cut Shot,115.0335,0.1481,28.8501,88.827,24.2543,0.7378,24.8173,0.2969
Leg Glance,127.6479,0.0684,9.6966,131.4185,29.1553,0.7438,17.6715,0.5222
Pull Shot,76.1683,1.0768,23.9481,118.0926,29.906,1.2456,26.0777,0.0541
Pull Shot,136.6711,1.0764,73.8973,125.8689,33.9066,1.038,7.571,0.2136
Straight Drive,162.757,0.7744,28.587,140.0016,32.7201,1.2949,71.851,0.8047
Leg Glance,104.9812,0.3147,12.6257,118.6139,9.2065,0.5724,25.5941,0.3463
Pull Shot,101.3862,0.7343,49.6149,116.358,9.5871,0.6344,0.0,0.2892
Leg Glance,133.6427,0.2237,13.5381,128.4425,31.2502,0.9541,28.1303,0.6611
Straight Drive,146.9824,0.6854,27.0051,120.1243,60.0772,1.1389,62.4249,0.7021
Pull Shot,88.8921,0.93,28.5308,131.2373,31.1374,1.1543,23.6644,0.1188
Cover Drive,152.6643,0.3342,46.2143,133.0453,14.3824,0.6356,32.5645,0.46
Pull Shot,106.5596,0.9351,40.8059,94.1733,33.6905,0.8118,20.2306,0.0624
Cover Drive,145.5386,0.4573,37.2517,134.9337,26.1698,0.3788,28.2623,0.4337
Pull Shot,135.0623,0.7143,36.3163,92.1713,21.0456,1.3667,29.1958,0.3869
Straight Drive,150.2857,0.9139,23.5529,149.4503,37.6751,0.8466,69.3203,0.669
Leg Glance,126.8134,0.0924,20.9322,153.7332,30.8226,1.2329,33.5979,0.3981
Cut Shot,112.6141,0.3822,31.488,98.1205,17.1084,0.4567,11.8636,0.3084
Straight Drive,123.5448,0.616,26.3446,159.6637,28.9455,0.301,73.7426,0.6281
Pull Shot,126.5972,0.6771,44.4134,91.7056,31.6832,1.0768,35.6856,0.3775
Pull Shot,92.1233,0.9415,52.9118,93.3148,21.5699,1.6313,23.1899,0.2968
Straight Drive,113.5845,0.5868,57.401,156.8505,53.014,1.032,74.2945,0.8199
Leg Glance,150.8261,0.4038,18.1608,99.8569,22.8176,0.3978,29.6266,0.5081
Cover Drive,133.1273,0.2495,12.2897,104.5876,44.4394,1.0016,22.2607,0.7847
Leg Glance,114.8373,0.1871,14.6241,110.0741,20.1938,0.9585,37.9591,0.328
Straight Drive,147.96,0.7388,26.3897,166.6097,30.6809,0.8971,68.412,0.7786
Pull Shot,130.4073,0.8686,46.4333,125.888,39.0072,0.8272,27.8802,0.1054
Leg Glance,135.8274,0.4376,37.9382,149.819,24.2103,0.5812,27.9281,0.6195
Pull Shot,80.5468,0.9093,61.0332,98.3491,7.5299,1.3478,5.0158,0.3741
Cover Drive,118.8197,0.3328,19.193,103.2702,44.6216,0.5165,24.7376,0.7461
Pull Shot,100.9867,0.8934,44.3688,79.3915,11.3932,1.4397,13.1213,0.1542
Pull Shot,115.8932,0.6337,52.7492,86.1941,24.5796,0.8087,0.0,0.2993
Cut Shot,70.8255,0.4618,17.4005,129.5749,35.333,0.778,15.2837,0.3249
Cut Shot,105.4558,0.5974,26.4256,100.2345,15.6294,0.5394,28.8984,0.1897
Pull Shot,130.5333,0.6054,68.174,104.6912,23.5003,1.607,16.2165,0.1723
Cover Drive,143.0378,0.8197,37.8611,141.5869,14.4278,0.6973,26.5829,0.6108
Pull Shot,114.9262,0.8704,57.3573,96.6507,47.5322,1.2193,24.4471,0.3059
Pull Shot,133.5642,0.8234,49.3356,112.7894,20.4969,0.6885,14.8396,0.25
Leg Glance,97.7305,0.385,33.6346,155.8834,17.3333,1.0047,44.8828,0.4777
Cover Drive,123.1339,0.5884,14.9194,147.968,49.746,0.7013,27.4562,0.5656
Cut Shot,109.3731,0.3254,4.0658,112.3451,25.5605,1.0063,26.4537,0.2002
Pull Shot,92.5646,0.9017,64.636,110.3163,28.0299,0.6811,7.0335,0.4097
Pull Shot,99.5247,1.0208,75.122,115.8758,5.5906,0.9535,3.1691,0.3349
Cover Drive,114.3792,0.8754,32.8441,110.9504,33.8872,0.5733,27.9942,0.7683
Cover Drive,103.8541,0.6311,42.4327,143.9647,35.3045,1.2084,23.2075,0.5292
Cover Drive,95.7819,0.9313,37.5528,150.5938,22.0335,1.2132,27.6966,0.6534
Cover Drive,148.9299,0.5123,22.6415,123.5599,35.7405,0.4914,30.2941,0.6143
Cut Shot,82.1547,0.2227,24.5493,118.2752,24.7031,0.2507,27.914,0.0724
Straight Drive,106.4289,0.6678,29.9577,174.8136,24.5239,1.163,63.9897,0.7008
Straight Drive,152.5871,0.6204,28.2861,128.9231,51.7053,1.2769,78.8644,0.6255
Leg Glance,124.8482,0.3691,31.7832,134.8243,22.8385,1.1082,52.9399,0.2884
Pull Shot,108.4153,0.6632,52.893,118.3669,33.537,1.53,3.8477,0.2315
Leg Glance,113.8525,0.2729,45.7698,148.8123,35.1772,0.5732,42.9593,0.3785
Straight Drive,119.4156,0.6879,44.8238,117.4508,27.6907,1.2611,69.7562,0.6026
Cut Shot,72.4303,0.2717,15.972,108.1532,33.8819,0.3959,9.7417,0.1169
Cover Drive,94.8116,0.7428,49.5749,151.6392,28.4393,1.4111,52.4651,0.6881
Leg Glance,131.1032,0.1404,31.9791,113.768,43.6737,0.3547,44.9916,0.4927
Cut Shot,107.9221,0.2509,27.8264,101.8756,26.0125,0.859,2.2106,0.1238
Pull Shot,92.6883,0.9767,51.4938,113.5862,19.6988,0.7756,28.1479,0.2284
Leg Glance,118.0365,0.381,19.0875,133.9177,26.1194,0.8108,19.7068,0.2668
Cover Drive,94.682,0.4178,29.3618,104.1445,19.0002,0.4312,31.4751,0.4661
Cut Shot,71.0179,0.342,31.042,91.0608,34.0561,0.3915,10.2105,0.2749
Pull Shot,78.6582,0.9439,41.3112,92.8849,13.5284,1.5414,10.215,0.3651
Cover Drive,103.3319,0.8037,41.6083,128.7017,25.0767,1.2321,39.8045,0.6456
Cover Drive,122.5131,0.8872,14.2452,129.6447,22.4138,1.0737,42.0696,0.5114
Leg Glance,144.3859,0.2412,17.8438,123.3859,18.8459,0.9283,37.8412,0.4195
Cover Drive,143.4861,0.6586,53.2587,163.2147,29.0992,1.4685,22.9758,0.529
Cover Drive,139.6017,0.2945,46.3292,114.7513,22.4321,0.8809,31.0589,0.4687
Leg Glance,126.9803,0.2536,23.3289,107.1508,16.065,0.5819,47.3883,0.4317
Cut Shot,113.5873,0.2154,28.6326,144.6386,29.6148,0.5191,28.0096,0.3196
Cover Drive,113.7056,0.3053,32.865,124.8143,40.2682,0.5419,42.3257,0.6991
Cut Shot,114.8908,0.4162,24.6526,101.3987,14.3689,0.5281,21.0749,0.1219
Cover Drive,99.322,0.4987,30.4496,140.6658,19.598,0.8463,40.8665,0.5774
Pull Shot,93.8421,0.867,47.5313,88.5308,10.9758,1.6883,23.1233,0.2504
Cut Shot,111.486,0.5861,15.2894,131.0842,11.6639,0.3463,17.8737,0.0859
Straight Drive,149.286,0.874,36.8341,170.2601,56.1152,0.7921,68.694,0.7996
Leg Glance,135.5281,0.0944,35.7088,104.1255,26.4698,0.3629,49.9266,0.6206
Leg Glance,104.5763,0.0102,38.6244,154.9216,33.0842,1.1834,24.8349,0.4508
Straight Drive,154.2049,0.9421,44.1053,141.1886,55.3924,1.1835,83.9578,0.669
Straight Drive,151.33,0.9053,24.4243,140.839,52.8029,0.8578,71.7417,0.7676
Straight Drive,114.8839,0.5281,46.5334,152.1612,15.6602,1.0204,65.7382,0.6632
Pull Shot,88.8367,1.072,59.6741,93.4535,38.422,0.7625,16.7753,0.2948
Straight Drive,135.159,0.9373,43.7938,164.8612,52.2145,0.8794,81.3687,0.6403
Pull Shot,139.2191,0.6807,40.361,134.9237,20.7263,1.3135,16.1616,0.3135
Leg Glance,132.7959,0.1075,26.0837,137.1214,33.0072,0.6035,25.2647,0.3882
Leg Glance,107.7849,0.1683,19.019,157.9053,36.0992,0.6317,37.1267,0.5052
Leg Glance,142.3658,0.1432,9.7814,108.754,40.3878,0.4799,29.4731,0.4479
Cut Shot,116.7487,0.4752,13.9861,128.1291,15.1649,1.0343,26.4302,0.3099
Pull Shot,129.0891,0.5454,68.4547,101.0758,21.8925,0.7299,14.3855,0.0913
Leg Glance,125.3472,0.2043,10.248,106.3345,26.5674,0.9915,36.1288,0.6186
Cover Drive,142.3339,0.466,42.1238,141.5151,19.0512,0.8277,43.0835,0.4806
Straight Drive,139.6149,0.94,23.7286,139.5828,45.7157,0.4528,65.4659,0.8262
Cut Shot,105.7602,0.5045,0.0,89.161,22.1129,0.4906,17.2608,0.3117
Straight Drive,104.3058,0.4975,44.8095,149.7229,21.9726,0.6918,83.5864,0.7855
Cover Drive,91.0672,0.5948,28.0018,152.8798,30.1641,1.0489,57.8668,0.7033
Cover Drive,122.8847,0.7647,40.2748,138.3582,23.1552,1.3207,50.963,0.672
Straight Drive,107.6286,0.6387,51.1367,154.462,35.504,0.604,75.047,0.8579
Pull Shot,84.0376,0.6809,66.8986,82.3913,11.0804,0.7866,22.4647,0.344
Pull Shot,76.0874,1.0414,22.6767,79.0353,23.8417,0.6839,12.4236,0.035
Cover Drive,130.5504,0.7549,18.9656,121.5584,48.2629,0.7475,17.9965,0.5824
Cover Drive,98.1497,0.4734,27.9606,126.1579,37.871,0.8899,29.2074,0.6958
Pull Shot,133.1819,0.6218,55.2147,83.9126,41.1857,1.4655,12.5282,0.317
Leg Glance,136.7287,0.1795,26.4405,100.6234,26.9556,1.2103,55.9223,0.5007
Straight Drive,131.7603,0.779,33.0707,114.875,20.4783,0.5121,65.8207,0.5434
Pull Shot,115.5582,0.8654,45.568,115.643,20.7358,1.5526,28.8498,0.2244
Straight Drive,118.3762,0.8228,27.0865,166.4645,31.7237,1.3411,63.4168,0.6448
Straight Drive,115.8997,0.772,41.8691,158.0455,48.3377,1.423,85.5794,0.7429
Pull Shot,118.8301,0.7745,29.9257,81.0154,28.4422,1.0221,16.0788,0.3586
Cover Drive,130.5416,0.8224,15.0471,108.9457,35.9798,0.7266,36.4374,0.6464
Leg Glance,100.3847,0.3748,31.0214,144.9288,29.8473,1.1185,25.9163,0.3622
Straight Drive,131.9955,0.6115,38.0007,125.298,53.37,0.7531,58.3807,0.645
Straight Drive,114.8221,0.9322,43.9802,133.7248,32.2745,0.5062,81.3074,0.7386
Straight Drive,139.218,0.7295,52.9754,159.4367,46.4878,0.428,70.2224,0.7741
Leg Glance,127.5153,0.1006,28.6051,120.3686,27.4824,0.8097,26.3009,0.4095
Cut Shot,75.4213,0.1131,10.8957,147.7119,23.6487,0.843,11.1211,0.3064
Leg Glance,98.7796,0.3002,16.1302,140.5773,36.8125,0.8794,26.7204,0.6515
Cut Shot,129.4308,0.3659,20.1739,134.8247,32.3123,0.9663,12.9442,0.2717
Cut Shot,93.0066,0.4359,15.9121,108.7091,23.1522,0.8405,27.599,0.1364
Cut Shot,113.6429,0.2514,2.3691,109.8311,16.991,0.9529,24.8471,0.2509
Leg Glance,136.4388,0.0025,39.725,120.8264,24.4421,0.451,34.1827,0.3903
Pull Shot,76.7249,0.7525,39.8424,121.9163,15.3054,1.2801,16.9747,0.0001
Cover Drive,148.459,0.5683,17.7109,126.4637,34.3799,1.2818,22.8225,0.5585
Pull Shot,125.8273,0.7672,51.8372,88.2427,31.1689,1.3807,10.8174,0.2646
Cover Drive,142.3515,0.6964,29.8483,155.5192,14.0584,0.4335,51.6055,0.4107
Cover Drive,127.3997,0.2685,50.6694,143.658,53.5004,1.4754,36.7324,0.4396
Cover Drive,137.1024,0.5717,45.7851,119.2394,31.1425,0.9261,52.255,0.6119
Cut Shot,121.7931,0.4171,10.3418,119.088,38.979,0.6814,13.648,0.1572
Cover Drive,96.138,0.7939,16.3726,132.8115,26.2142,1.0021,35.336,0.4382
Cut Shot,90.7551,0.3762,8.8761,119.8426,14.8449,0.7457,0.0,0.1252
Cover Drive,111.5038,0.497,27.7064,135.5718,50.3777,0.7487,45.595,0.6007
Straight Drive,131.3059,0.8805,32.0991,154.0582,51.4184,0.4697,58.5612,0.8208
Leg Glance,111.0802,0.476,33.3624,131.0572,15.0717,0.3927,39.2022,0.4611
Straight Drive,149.6558,0.8504,36.0803,121.0299,43.1468,0.5934,90.3168,0.6434
Cut Shot,84.6334,0.4393,5.4629,115.4217,36.2451,0.6267,9.6657,0.2105
Pull Shot,106.883,0.9107,36.5846,102.6158,14.9265,1.0546,19.6921,0.3348
Leg Glance,120.4198,0.1789,25.0247,150.3081,34.927,0.6858,32.3926,0.6666
Cut Shot,74.1035,0.4671,11.483,127.2531,18.3648,0.7772,11.5668,0.361
Cover Drive,105.7319,0.392,51.2702,137.7363,27.9057,0.7218,37.0413,0.682
Cover Drive,100.3741,0.3444,8.152,148.2194,34.7066,1.3443,61.416,0.4421
Cover Drive,116.8383,0.6588,8.4747,144.4882,32.9057,0.7293,20.467,0.7094
Cut Shot,119.5419,0.4959,36.3213,118.0614,23.5286,0.9861,22.4496,0.0084
Cut Shot,131.5202,0.3003,12.5507,109.6491,33.7917,1.0267,24.9262,0.3106
Straight Drive,145.0206,0.7861,41.6288,134.0864,54.6804,1.0133,59.8066,0.5611
Pull Shot,104.5423,0.7955,64.7771,118.1978,25.1945,0.9417,15.9412,0.2575
Leg Glance,133.2528,0.3265,10.5229,147.4127,36.0084,0.5812,12.9721,0.3943
Cut Shot,111.4117,0.226,29.4211,91.9736,33.7556,0.8211,31.6348,0.0976
Pull Shot,116.7762,0.7893,45.7638,116.4402,9.2047,1.0983,3.3167,0.1203
Cover Drive,119.478,0.6075,52.398,115.8612,17.9046,1.35,47.5297,0.7587
Leg Glance,103.9588,0.2381,19.6225,125.3831,24.1036,0.8325,40.1335,0.4457
Straight Drive,126.9267,0.9,40.9462,172.1773,29.0537,1.3377,67.3401,0.5552
Cut Shot,94.0205,0.2184,30.7295,100.6846,29.7004,1.0364,5.3905,0.3023
Leg Glance,132.0209,0.1463,14.8999,94.9994,16.1601,1.1637,38.7095,0.5679
Pull Shot,122.5878,0.5017,72.9832,119.1543,28.6916,0.5159,9.1932,0.4054
Cover Drive,113.3535,0.5935,37.9546,166.6135,39.4942,0.6159,29.4122,0.5005
Straight Drive,136.0557,0.5271,25.3857,147.3173,59.5434,0.4955,79.6229,0.6093
Cut Shot,66.868,0.6166,6.5089,110.8964,21.6262,0.7934,16.9692,0.3406
Cover Drive,130.1557,0.5512,49.7029,128.0043,39.7003,0.854,51.062,0.6034
Cut Shot,76.2135,0.2324,28.9338,141.9924,28.9834,0.441,20.2108,0.0793
Pull Shot,106.4922,0.6356,29.3422,121.6,25.0955,1.1673,18.462,0.2918
Cover Drive,98.4977,0.8284,33.8836,111.6863,31.8514,0.4865,24.4842,0.4562
Leg Glance,116.1446,0.2934,43.682,106.2392,22.5414,1.0559,35.3641,0.5803
Cover Drive,121.7537,0.6251,37.1028,119.8261,27.8902,1.0662,55.058,0.5522
Cut Shot,65.1936,0.1993,15.0942,148.0166,30.6401,0.8202,19.1844,0.4083
Pull Shot,87.3688,0.9618,35.5996,106.4404,38.8183,1.0067,16.7216,0.1198
Pull Shot,87.9111,0.6548,29.7502,115.0061,38.7713,0.9497,29.9192,0.4154
Pull Shot,116.7742,1.0212,31.6939,102.2154,32.6697,1.2003,26.9436,0.3034
Cut Shot,81.5098,0.1223,25.7448,126.65,21.4297,0.9105,40.1413,0.1884
Pull Shot,91.5683,0.7789,32.2873,114.1105,16.8363,0.7927,23.6399,0.2149
Straight Drive,136.971,0.8873,48.0911,159.8106,46.611,0.7289,79.1915,0.5821
Cover Drive,97.3021,0.2671,46.4442,120.0711,42.3713,0.7048,20.8554,0.6973
Pull Shot,110.9449,0.6011,71.7475,111.7168,9.1341,1.0611,19.913,0.1466
Cover Drive,99.0005,0.8894,43.372,101.9288,16.5134,0.7682,38.1781,0.6265
Leg Glance,110.5683,0.2482,21.4608,132.1051,23.5471,1.2252,22.8515,0.5429
Pull Shot,119.2069,0.9233,54.4198,92.5679,22.7779,1.0855,9.8611,0.3105
Cover Drive,98.007,0.358,50.38,122.1519,38.027,1.5033,27.4069,0.4991
Pull Shot,119.2021,0.9883,47.5626,111.0941,37.3625,0.9798,1.7204,0.2804
Pull Shot,119.8622,0.8547,45.6643,109.9278,37.7159,1.4345,24.5604,0.2235
Pull Shot,136.5676,0.7354,40.9395,119.8624,22.1074,1.1112,13.6756,0.2049
Cover Drive,146.7342,0.4463,31.5997,118.413,26.5754,0.5342,55.4475,0.5549
Cut Shot,100.9205,0.6238,21.3725,144.1709,27.3856,0.308,24.3051,0.1065
Pull Shot,84.7597,0.9838,32.129,91.7735,13.9383,1.0835,7.2263,0.2938
Pull Shot,126.841,0.8043,38.3279,92.6602,40.6025,1.2128,22.9098,0.119
Cut Shot,98.4373,0.1839,25.544,104.4381,33.9064,1.0127,16.5774,0.026
Cover Drive,94.8428,0.6928,36.9062,161.3728,14.5373,1.4778,43.7594,0.4203
Cut Shot,112.9564,0.3314,9.5809,137.0615,34.3576,0.5468,9.6268,0.0849
Pull Shot,78.7499,0.6416,26.9345,108.489,35.074,1.4525,0.0,0.2239
Cover Drive,117.1118,0.5492,39.6912,164.0144,26.6059,1.3602,41.3663,0.7174
Cover Drive,110.7314,0.2816,20.0902,128.4242,50.1562,1.138,40.5898,0.638
Leg Glance,103.2015,0.1027,31.049,159.6721,26.863,0.7126,37.8916,0.5608
Pull Shot,80.7592,0.8997,64.231,120.7685,14.4036,1.7313,25.5217,0.1605
Cover Drive,96.7347,0.5032,36.943,105.9717,37.5109,0.8037,34.8759,0.589
Leg Glance,106.2476,0.054,13.49,132.1877,26.2401,0.6081,33.1314,0.3446
Pull Shot,80.8947,0.8885,58.5874,105.7723,10.4294,1.5992,19.7159,0.1471
Leg Glance,110.8023,0.2933,26.2584,138.2669,40.068,0.7066,27.819,0.4164
Straight Drive,126.8098,0.5289,47.4629,144.9035,22.7035,0.6958,72.1183,0.7999
Pull Shot,110.0041,0.7375,43.3271,112.103,13.8908,1.2006,9.7178,0.3423
Cover Drive,100.7423,0.4389,49.0351,141.0963,20.3652,1.5669,40.3069,0.5731
Pull Shot,83.2995,0.6631,38.2861,115.635,30.681,1.2451,15.0569,0.3262
Cover Drive,93.3346,0.8493,36.1401,132.7997,42.4019,1.244,23.927,0.6787
Straight Drive,150.9939,0.6189,58.6432,145.6036,39.3434,1.3352,71.0525,0.5965
Straight Drive,122.4624,0.7572,42.6074,171.3739,25.8527,1.436,65.7508,0.7554
Pull Shot,115.5986,0.8605,22.92,106.4356,31.1674,0.5468,4.7419,0.1216
Cut Shot,110.8566,0.278,8.3248,139.818,23.1735,0.3877,22.4913,0.0898
Cover Drive,119.78,0.84,29.8934,124.2515,48.8116,1.5948,29.7702,0.661
Cover Drive,134.4051,0.8245,27.4372,112.49,31.3514,0.7779,50.0819,0.6019
Straight Drive,117.5519,0.8995,37.1877,113.1111,53.8582,0.6318,73.4182,0.6954
Pull Shot,110.321,1.0292,36.5148,108.9103,10.0534,0.6376,9.6755,0.1868
Cover Drive,127.7989,0.7114,57.6268,155.6172,37.6502,0.4978,20.5543,0.6853
Cut Shot,72.7763,0.5003,7.5572,109.1184,27.0345,0.4444,21.8095,0.2248
Pull Shot,141.8852,0.6684,61.5047,116.0659,20.6832,1.3843,21.7592,0.2888
Cover Drive,136.5392,0.6822,47.9796,119.9775,29.3049,1.297,44.0299,0.6238
Cut Shot,77.8412,0.2782,7.7056,91.3934,11.25,1.0968,21.2205,0.2748
Cover Drive,130.1027,0.3843,33.7183,135.578,32.5292,0.4761,37.9303,0.4856
Pull Shot,93.2819,0.9199,46.6443,114.7398,14.3141,0.6551,17.7466,0.3162
Leg Glance,115.5188,0.1498,1.2267,132.502,12.1137,0.3496,11.2634,0.2754
Pull Shot,135.9664,0.912,64.6097,122.1255,25.5699,0.9282,22.1828,0.2972
Pull Shot,134.5357,0.7949,44.0959,113.0451,11.2491,0.6881,28.0614,0.2521
Straight Drive,153.5839,0.791,9.5891,107.1788,27.7963,1.0572,55.88,0.5597
Straight Drive,110.4552,0.972,32.7516,138.832,28.138,0.6783,62.7288,0.622
Straight Drive,137.512,0.7801,35.0952,171.4483,43.4196,1.1869,67.5254,0.5641
Cover Drive,141.4586,0.8742,36.4305,134.9344,27.6887,1.2357,49.947,0.457
Leg Glance,129.5782,0.4038,5.8561,104.544,8.4913,1.0224,37.2654,0.3558
Cut Shot,104.2128,0.5455,14.9488,106.9866,26.0235,0.983,2.8214,0.1607
Pull Shot,125.1393,1.0336,62.6976,126.6722,23.0633,1.2057,29.0947,0.0
Straight Drive,140.1372,0.9833,48.4573,159.792,28.9921,0.4207,73.0557,0.7395
Pull Shot,79.0562,0.8598,36.0242,100.9239,31.563,1.2344,31.683,0.2448
Pull Shot,128.2828,0.5917,31.7191,114.4676,19.1308,1.4042,20.7638,0.2226
Cut Shot,96.9538,0.1781,26.3651,145.289,16.2152,0.8713,17.4853,0.3834
Cover Drive,129.723,0.6642,50.2361,110.4645,43.8727,1.3674,29.0434,0.6618
Straight Drive,150.6771,0.632,35.804,167.5546,27.415,0.4261,72.0541,0.6239
Leg Glance,135.1459,0.1494,38.5554,131.5942,23.5711,0.5067,19.9984,0.5665
Pull Shot,128.7328,0.8203,40.0144,75.0046,43.3069,0.6908,23.3726,0.403
Leg Glance,143.2096,0.2371,20.424,144.4728,40.2156,1.0334,48.7373,0.4361
Pull Shot,141.1547,0.6041,29.7033,82.8532,20.704,0.8942,6.5308,0.2108
Cover Drive,102.0705,0.452,13.3874,115.5525,36.7024,0.8529,19.3615,0.5457
Cover Drive,133.5942,0.5357,36.0289,114.0084,21.5003,1.6465,39.6204,0.6582
Cover Drive,120.5127,0.5717,17.0857,112.2414,26.0412,0.558,27.4637,0.4728
Cover Drive,129.4501,0.5076,27.6165,114.2331,25.7037,0.9479,32.4205,0.586
Straight Drive,127.3818,0.8806,50.7971,130.8188,32.5232,0.6664,86.9133,0.636
Pull Shot,75.0152,0.6337,47.6178,101.5708,20.6156,0.5055,17.0458,0.0709
Leg Glance,147.9606,0.2351,27.0082,119.8176,29.1751,1.1019,49.6533,0.4348
Straight Drive,136.7001,0.9682,46.1792,167.8231,54.727,1.2067,73.4686,0.7628
Cut Shot,88.013,0.2211,4.5946,117.2974,13.7129,0.8422,19.4557,0.3416
Leg Glance,133.0332,0.1524,26.4621,111.5505,31.8013,0.5443,27.1254,0.5326
Cover Drive,144.9218,0.7909,34.3138,136.1473,29.397,1.1833,14.5083,0.7003
Cut Shot,93.509,0.2462,13.1026,91.2036,17.3435,0.5197,3.4848,0.2381
Straight Drive,156.6714,0.4644,35.7874,146.0028,57.1447,0.6688,64.855,0.8398
Straight Drive,136.3899,0.6984,44.5827,134.4095,21.88,1.2414,83.7579,0.6189
Leg Glance,136.7003,0.054,37.538,141.1507,23.8307,0.3309,29.0584,0.4311
Cover Drive,141.6796,0.4194,58.2589,126.8292,48.9517,1.0013,44.2207,0.5306
Pull Shot,113.6858,1.1717,43.5365,111.236,16.4365,0.7487,13.8582,0.2415
Cover Drive,152.1823,0.4537,33.3898,150.7824,35.8644,0.698,39.9934,0.7622
Pull Shot,116.106,1.0746,26.1013,119.4424,33.9951,0.8069,11.6338,0.2108
Straight Drive,145.4697,0.5668,41.6338,124.7609,33.8816,0.4688,64.7339,0.8019
Straight Drive,130.1934,0.6428,38.1075,152.4659,23.3184,0.7231,62.1549,0.6211
Straight Drive,107.5984,0.5504,32.0607,164.2009,45.5287,0.5873,86.5108,0.7162
Straight Drive,105.9435,0.7019,25.0607,130.9624,27.8169,1.3741,77.6357,0.6091
Cover Drive,109.4752,0.5563,48.8369,107.201,17.8841,0.7374,48.2772,0.4177
Pull Shot,132.7652,0.8602,33.2419,97.0753,36.8483,1.5768,26.1244,0.3816
Pull Shot,104.7356,0.977,59.683,93.6774,40.6737,1.6835,23.4798,0.288
Cut Shot,107.0545,0.5546,12.918,135.2377,16.4835,0.4075,7.7396,0.1878
Cover Drive,160.0544,0.6414,35.8739,106.034,46.3509,1.2588,39.2159,0.5696
Leg Glance,144.2718,0.3173,17.946,145.1707,39.5246,0.4014,38.422,0.5326
Cover Drive,97.8233,0.3906,38.0013,157.1668,23.9933,0.469,57.6102,0.6451
Leg Glance,145.2697,0.3757,8.2619,125.4724,27.0642,0.507,50.2319,0.5442
Cut Shot,81.8113,0.553,28.5498,107.7032,35.492,0.9295,17.0851,0.2553
Pull Shot,130.933,0.7006,57.7769,111.5801,37.2037,0.7861,14.249,0.3666
Straight Drive,129.9946,0.8142,25.374,164.1698,36.9229,1.1011,58.2585,0.7418
Leg Glance,150.2278,0.1402,32.5355,144.2315,16.9807,1.1552,20.6164,0.5966
Pull Shot,129.6224,1.1055,43.5623,112.3252,34.63,1.253,23.4498,0.2328
Cut Shot,80.4547,0.2515,5.3684,107.9934,20.3475,0.5457,21.6765,0.0974
Cover Drive,136.3794,0.5202,36.6616,165.8325,47.918,1.0183,29.4937,0.4888
Cut Shot,124.392,0.3718,20.416,107.9428,16.1304,0.9116,4.2958,0.37
Cover Drive,121.3658,0.6159,33.2442,125.3191,29.2749,1.1135,46.7095,0.702
Straight Drive,140.2692,0.8188,47.4381,159.3755,54.0756,1.0933,81.0306,0.6789
Leg Glance,107.5532,0.3725,13.5506,109.2221,22.9526,0.4114,15.4423,0.3607
Cut Shot,81.0137,0.3155,29.7459,92.7465,40.7445,0.9512,12.124,0.2408
Cut Shot,111.5964,0.4936,0.0,110.5724,13.0132,1.0448,0.0,0.1884
Cover Drive,157.3305,0.8334,54.0479,159.474,22.3633,0.6741,47.3189,0.749
Cut Shot,75.059,0.3675,18.3879,142.5815,25.0192,0.7905,0.0,0.2829
Cover Drive,140.5146,0.9538,26.0255,110.0563,51.3493,1.3707,48.4188,0.3684
Cut Shot,119.8708,0.427,20.8936,122.3595,37.1502,0.9074,11.7018,0.0663
Leg Glance,97.03,0.3483,36.1289,92.5984,29.3925,1.1629,21.3332,0.6392
Cut Shot,107.2097,0.3519,22.4627,138.1263,34.8848,0.2727,27.6944,0.2983
Cover Drive,121.452,0.5438,47.8123,111.0754,19.5938,0.9764,53.8918,0.3726
Leg Glance,131.4096,0.3776,14.407,99.545,41.0573,1.0335,29.6454,0.5439
Straight Drive,111.3602,0.7231,19.9786,147.0741,38.3972,0.9337,58.649,0.8592
Leg Glance,114.3756,0.0882,9.0103,107.0919,40.2507,0.6126,35.2909,0.5381
Leg Glance,124.9973,0.223,15.6553,165.0403,41.0069,0.7834,21.3136,0.6752
Pull Shot,102.3451,1.0348,55.3321,74.1818,34.7641,1.1733,0.8842,0.0393
Leg Glance,101.0981,0.2679,43.6703,131.2707,15.5403,0.7882,26.1566,0.3498
Straight Drive,107.4647,0.9329,34.318,122.1904,29.0858,0.4589,58.0299,0.7612
Leg Glance,136.336,0.0823,26.9778,113.477,10.0893,0.8966,27.8151,0.3721
Leg Glance,122.8131,0.366,23.8083,131.963,16.379,1.1873,51.7342,0.5592
Leg Glance,90.1378,0.3228,16.006,102.3835,10.6987,0.9974,43.1435,0.6188
Straight Drive,107.0561,0.8399,44.9248,135.5012,45.4178,0.703,74.6971,0.5764
Cover Drive,118.3887,0.7657,22.8628,141.1635,34.3786,0.947,32.9451,0.4138
Cut Shot,88.4919,0.1593,41.6822,87.8469,24.7463,0.7841,21.631,0.1818
Cut Shot,97.9572,0.1976,23.3938,135.8496,35.1642,0.6099,9.6917,0.0421
Pull Shot,79.1641,1.077,48.9357,100.0181,25.8519,1.2351,5.1808,0.1352
Pull Shot,81.0742,0.6803,28.2459,115.6325,29.1138,0.7466,4.1792,0.164
Straight Drive,134.2779,0.8149,34.2802,127.798,18.8122,0.397,68.9689,0.7539
Pull Shot,122.1667,0.6601,45.6644,100.2386,26.3491,0.8292,34.1622,0.1992
Cover Drive,90.8233,0.8496,45.2836,123.8982,19.432,0.7407,36.4674,0.5032
Cut Shot,94.6116,0.4783,19.023,137.7529,32.221,1.13,7.1697,0.2171
Cut Shot,103.2943,0.2728,25.3772,99.3782,35.3153,0.6726,19.9514,0.1927
Cut Shot,112.7127,0.3529,23.4163,110.115,19.4316,0.1391,6.9837,0.2732
Cut Shot,110.0504,0.3514,32.4408,94.1508,13.8706,0.5886,15.6381,0.1741
Leg Glance,122.0422,0.2522,28.3508,123.2427,22.2676,1.096,46.0849,0.6403
Leg Glance,104.2024,0.4602,19.1058,123.2332,17.1128,0.3922,27.1743,0.3161
Cover Drive,117.0946,0.7458,22.4402,159.2111,40.1585,0.5044,39.5032,0.5947
Straight Drive,113.5802,0.6476,46.9588,144.3928,32.586,0.5135,55.5201,0.6794
Pull Shot,124.2772,0.9066,59.4054,99.1764,19.1006,0.8216,21.1464,0.1621
Pull Shot,87.143,0.6778,21.5618,107.9342,25.3651,1.3608,25.0832,0.2754
Pull Shot,90.9092,0.6219,52.2343,124.8471,33.9631,1.487,2.0759,0.2387
Leg Glance,127.2237,0.049,37.3481,100.6959,28.8274,0.4856,32.8224,0.5585
Cut Shot,120.5478,0.4602,18.1768,136.2604,16.8065,0.9154,20.4998,0.0963
Cut Shot,87.6762,0.0995,12.8613,102.6646,37.8018,0.8436,7.5588,0.3477
Straight Drive,108.8219,0.6865,23.606,177.6489,26.5839,0.8251,71.9032,0.5955
Leg Glance,143.8564,0.0155,27.5515,100.655,17.99,1.063,36.1746,0.5565
Straight Drive,107.6996,0.9062,23.0967,125.2103,47.8096,0.6779,74.8422,0.7292
Straight Drive,114.5877,0.8,23.7859,136.5842,43.175,1.3764,67.0125,0.5866
Straight Drive,119.3397,0.9039,28.6781,125.5474,24.2572,1.0251,71.1229,0.7071
Cut Shot,126.8332,0.3909,10.5846,118.674,37.8587,1.178,13.0586,0.2155
Cover Drive,132.7917,0.8525,42.1124,141.5783,47.4769,1.0492,44.6447,0.8051
Cover Drive,136.6294,0.3103,43.4908,165.5824,55.6629,1.4005,37.9245,0.7542
Straight Drive,139.9046,0.5093,34.0744,172.1828,42.8614,1.1765,79.7396,0.5794
Cut Shot,102.8909,0.335,29.3543,102.8566,9.3398,0.6494,23.8996,0.0522
Cover Drive,139.0532,0.4797,36.5705,136.6125,46.1128,1.3374,15.9006,0.5785
Straight Drive,121.2038,0.9806,46.488,154.8797,41.2252,1.143,72.5886,0.7103
Leg Glance,117.3198,0.2817,16.6924,106.6633,22.6,1.1922,37.8558,0.544
Straight Drive,114.5803,0.6466,44.1717,136.7053,34.1827,0.9437,75.7394,0.5141
Pull Shot,117.5782,0.6714,62.4136,132.4888,31.0978,0.9575,10.3993,0.3317
Cut Shot,107.9924,0.4938,22.6986,88.1251,27.6849,0.7685,11.8907,0.3778
Leg Glance,94.7453,0.4142,6.4374,148.0274,16.4102,0.6937,55.2403,0.5849
Cover Drive,127.1231,0.7401,51.7566,155.8812,31.7544,1.0175,55.2034,0.6132
Cover Drive,140.62,0.6453,59.2589,153.1239,35.0927,1.3854,37.2101,0.6471
Leg Glance,126.7062,0.1737,35.7077,111.6474,36.4597,0.7508,22.3922,0.5102
Cover Drive,95.7864,0.8339,29.831,130.1247,31.6982,0.5337,20.3365,0.5879
Straight Drive,123.3967,0.5386,30.7819,161.1713,20.2823,0.4963,72.9427,0.7558
Pull Shot,122.522,0.5222,35.8793,99.7187,32.8683,0.5162,13.2153,0.0327
Leg Glance,119.9634,0.2305,21.2563,138.1544,24.4904,0.9064,47.6947,0.3119
Leg Glance,97.6808,0.2012,15.8596,147.2414,34.3992,1.1101,31.5639,0.2978
Pull Shot,114.4275,0.7503,49.0213,110.2348,16.6671,1.4586,11.416,0.3241
Straight Drive,154.5714,0.7117,37.3298,126.4484,51.1606,0.9294,78.7293,0.694
Pull Shot,116.3817,0.6632,26.7437,102.1641,34.7763,1.3362,27.4002,0.2039
Leg Glance,141.8844,0.1302,14.2724,156.6394,14.1966,1.1973,42.0831,0.6148
Leg Glance,133.0834,0.233,0.0,123.829,14.5048,1.3128,31.524,0.546
Leg Glance,118.9865,0.0525,31.4805,137.327,20.6805,0.8506,12.9035,0.352
Pull Shot,100.8254,0.8098,64.6636,90.9896,30.878,0.5888,15.7289,0.2749
Straight Drive,119.7564,0.7911,23.5013,131.1848,53.6058,1.3051,87.0587,0.8216
Leg Glance,102.0674,0.2645,11.5007,155.2764,40.8643,1.0584,32.5958,0.6225
Cut Shot,113.6921,0.4966,21.8986,109.1398,5.7392,0.7116,22.5741,0.1262
Leg Glance,105.8572,0.2784,14.646,139.4181,37.5281,0.4167,45.773,0.4379
Cut Shot,129.1447,0.2425,15.9805,150.1172,21.473,0.8332,34.5584,0.1662
Cut Shot,119.974,0.462,15.7923,99.3064,11.6292,1.0211,18.6992,0.3647
Cover Drive,109.9495,0.422,39.7323,155.7108,26.1815,0.5412,28.9966,0.4663
Cut Shot,117.1712,0.1999,8.764,112.8569,20.9089,0.5423,15.2304,0.5302
Straight Drive,139.8003,0.9034,48.8387,133.0003,45.9635,0.7984,57.6036,0.626
Cut Shot,115.8278,0.1266,19.4463,113.9662,35.0009,1.0479,26.096,0.0704
Straight Drive,130.3438,0.8511,32.9496,165.3004,33.7804,0.8773,65.1661,0.7487
Straight Drive,129.7787,0.6208,48.0911,125.214,42.8387,0.4738,72.8282,0.5514
Leg Glance,131.7366,0.0949,24.4988,114.3273,31.267,0.6468,29.2389,0.6375
Cut Shot,71.9289,0.2073,34.2335,92.5812,23.7507,0.9976,19.8373,0.2465
Pull Shot,77.3161,0.9581,71.1841,103.5027,27.798,0.7891,24.5947,0.1916
Cut Shot,94.3578,0.2452,11.7519,113.8606,31.891,0.8499,3.0829,0.3715
Cut Shot,112.1282,0.3329,10.8232,98.5731,12.7809,0.2729,23.4193,0.291
Leg Glance,137.1214,0.0,5.6827,144.7998,21.0169,0.5857,22.5168,0.5858
Straight Drive,138.6907,0.6146,39.6533,154.4563,25.5601,0.7532,61.3586,0.6885
Cut Shot,62.2286,0.5181,19.0137,116.2048,22.5955,0.6315,15.5083,0.0575
Cover Drive,104.134,0.5029,36.3314,162.6529,19.5729,0.501,51.0787,0.4475
Straight Drive,139.6264,0.8861,20.3845,120.3874,22.3435,0.8183,79.8042,0.6949
Cut Shot,83.5996,0.3459,15.0479,135.0331,29.256,0.7934,27.9081,0.2603
Cut Shot,109.6963,0.1853,7.8743,104.6228,34.4141,0.5485,21.1113,0.3529
Straight Drive,133.0912,0.7241,19.8369,143.383,22.1207,0.5131,82.4103,0.6613
Cover Drive,141.7595,0.724,40.9937,115.0914,20.1482,0.8502,47.0901,0.3827
Cover Drive,114.7322,0.7376,8.1608,160.8629,21.4555,1.0177,59.3012,0.5537
Cover Drive,87.7335,0.4944,49.2231,154.8282,14.9174,0.9781,41.4001,0.511
Straight Drive,111.4416,0.6921,29.8313,111.6686,21.5586,1.3988,64.8824,0.7577
Pull Shot,90.2528,0.8806,74.4649,117.4384,25.2459,0.8533,6.1937,0.1576
Straight Drive,144.9834,0.6518,30.9757,113.1921,31.8938,0.5915,78.6016,0.7513
Cover Drive,141.5,0.4766,40.1691,110.1182,20.8645,0.9055,37.491,0.4597
Leg Glance,155.8757,0.1561,26.42,146.0894,29.6635,0.2795,43.4703,0.4798
Straight Drive,112.3985,0.9183,21.7931,126.0963,18.1978,0.4861,78.7054,0.6322
Pull Shot,75.2027,0.8824,64.282,124.4069,38.1423,0.8904,20.5718,0.289
Cover Drive,100.0352,0.6764,43.1533,144.4007,42.9867,1.4591,62.9032,0.5497
Pull Shot,107.8568,0.9112,67.0074,105.9331,30.0818,0.9362,17.6497,0.0676
Leg Glance,142.8241,0.2854,14.5224,109.5266,23.8821,1.1382,43.6906,0.4931
Pull Shot,100.2156,0.9583,26.9824,81.5542,40.8908,1.0862,11.0048,0.3541
Cut Shot,122.7792,0.4101,17.7544,107.497,29.6823,0.3999,28.3992,0.3575
Straight Drive,118.3659,0.6176,26.1508,133.6702,36.8383,0.713,79.9326,0.677
Pull Shot,92.898,0.5904,61.8292,87.2928,15.7678,0.8505,25.0401,0.259
Leg Glance,88.5015,0.2014,8.248,145.8593,12.5471,1.0032,31.7374,0.5961
Cover Drive,149.8827,0.4515,21.8659,163.9382,22.957,0.4342,47.6645,0.7971
Straight Drive,130.0589,0.7655,36.5157,142.532,39.2775,1.0132,70.0144,0.6644
Pull Shot,117.4053,0.9194,44.901,105.2376,25.928,1.1286,16.1096,0.1203
Straight Drive,136.3607,0.508,27.8564,153.5341,29.1276,0.6163,74.9886,0.8185
Cut Shot,118.9013,0.3998,10.9617,113.5384,28.9169,1.0877,20.0853,0.1266
Leg Glance,109.9017,0.2252,16.2829,116.3953,39.8427,1.4097,30.455,0.5052
Cut Shot,128.0746,0.3155,0.0,130.9654,21.9618,0.754,18.1927,0.1979
Pull Shot,95.6442,1.045,40.7293,112.5343,14.743,1.5214,9.5063,0.1047
Pull Shot,86.4137,0.746,34.2367,81.294,20.3151,0.8421,18.4802,0.2912
Cut Shot,122.1433,0.3335,6.8105,124.0001,35.7826,0.8978,9.4148,0.4167
Cut Shot,102.0465,0.4005,19.5297,135.0156,30.8885,0.9008,25.8159,0.2618
Cover Drive,144.7011,0.5951,40.8708,147.5855,30.3556,1.4811,43.4281,0.429
Leg Glance,133.7963,0.278,28.4262,139.8046,21.0446,1.1514,12.8444,0.2467
Leg Glance,99.0235,0.3751,29.0423,121.3709,29.1819,0.6807,26.9056,0.5139
Cut Shot,114.2743,0.1938,25.0348,98.6427,12.616,0.4935,11.3472,0.2814
Cut Shot,81.1517,0.446,11.0009,99.771,29.0825,1.2371,32.4153,0.181
Cover Drive,132.9438,0.6645,35.7811,159.3441,48.1259,1.3013,30.8663,0.4735
Cover Drive,149.4519,0.4853,35.5903,144.261,37.6915,1.0117,38.1011,0.6328
Leg Glance,115.7146,0.3453,32.3219,91.8833,11.5637,0.8129,27.206,0.5561
Straight Drive,127.5834,1.0188,48.1374,126.7448,49.0481,0.3991,56.3473,0.7623
Cover Drive,106.1564,0.8801,42.6056,166.4134,53.3483,0.6975,33.5628,0.7321
Pull Shot,95.4274,0.9657,50.418,121.2095,24.6617,1.4779,27.1349,0.0585
Cut Shot,92.9156,0.2027,7.2739,87.9453,14.0413,0.441,8.8374,0.2688
Leg Glance,145.1039,0.2395,24.7293,168.8393,21.1597,1.1401,51.7711,0.6391
Cover Drive,155.8545,0.8285,42.2843,148.8552,31.2326,1.2398,48.7581,0.5119
Straight Drive,116.464,0.7391,40.0508,163.5119,45.2822,0.7177,56.0474,0.5758
Cover Drive,108.9642,0.7462,38.5669,130.8234,26.1028,1.6307,26.4983,0.5877
Cut Shot,106.2954,0.3312,15.3274,87.5245,33.6695,0.3471,21.8953,0.2609
Cut Shot,100.6063,0.2131,19.6099,90.9294,17.394,0.7575,18.7232,0.3792
Leg Glance,126.594,0.1604,19.2423,134.4943,19.5752,0.4085,45.7294,0.5973
Straight Drive,137.9131,0.4981,55.0912,132.5713,32.3208,1.399,69.2697,0.666
Straight Drive,132.9352,0.4759,20.7653,172.053,53.114,0.8675,77.2547,0.6943
Straight Drive,137.5038,0.9098,21.7282,152.1469,37.8979,0.4186,66.9595,0.8738
Leg Glance,149.8234,0.1787,21.7588,101.0308,21.7422,1.1318,34.9628,0.5396
Straight Drive,127.7079,0.7242,38.989,154.0502,44.0831,0.9965,87.9526,0.8107
Straight Drive,111.6088,0.6169,27.9128,155.7531,37.5157,1.3093,89.1394,0.7959
Leg Glance,129.8005,0.2298,26.7387,139.7339,12.7802,0.4722,12.3724,0.6937
Cut Shot,133.3992,0.3814,2.4266,108.7143,31.3582,1.1187,25.8324,0.0978
Pull Shot,132.7164,1.0022,17.4884,122.3313,17.9452,0.718,22.3466,0.0805
Cut Shot,111.5122,0.4899,15.1924,97.5566,27.4505,0.8503,35.3294,0.2673
Cover Drive,114.1486,0.3999,23.7908,158.9598,55.9817,1.0175,37.174,0.5382
Pull Shot,127.6491,0.9831,53.6906,106.4651,6.1169,1.0567,8.2844,0.1098
Leg Glance,101.7089,0.2342,12.9988,140.111,26.2376,0.3889,49.983,0.694
Cover Drive,118.1113,0.3346,37.0076,159.9731,43.5765,0.9007,42.9784,0.3928
Cover Drive,143.4701,0.664,19.0983,158.1735,50.5952,0.8761,36.9209,0.7337
Leg Glance,138.2526,0.0474,30.3138,131.69,33.4916,1.0583,42.1416,0.4643
Cut Shot,129.3796,0.461,36.2214,107.626,34.3647,0.8573,21.5243,0.0841
Straight Drive,110.8777,0.7963,49.3214,126.0547,48.8764,1.292,74.1043,0.6922
Straight Drive,149.3304,0.9021,52.9767,152.8683,54.8946,0.8956,51.5101,0.6276
Leg Glance,130.6384,0.3444,25.5152,162.2263,37.8371,1.052,27.1728,0.6141
Leg Glance,130.4388,0.3263,33.081,105.9352,23.3322,0.8488,26.7653,0.5241
Pull Shot,93.7628,0.8056,21.7556,121.2825,22.0043,1.1995,31.7084,0.2377
Cover Drive,143.2777,0.6157,19.3568,109.4618,47.0267,0.7117,30.3103,0.6313
Straight Drive,168.1942,0.5344,27.371,158.0122,16.2037,0.6177,79.2065,0.6978
Leg Glance,110.5544,0.1209,38.475,141.1514,4.9264,0.4436,41.1053,0.4586
Leg Glance,92.7811,0.1649,28.4741,144.3891,29.5275,1.2462,45.8344,0.4727
Cover Drive,122.456,0.4963,29.7875,138.6258,31.6041,0.9411,46.239,0.5907
Pull Shot,115.5807,0.8089,40.8529,81.889,37.1582,0.892,13.0512,0.095
Straight Drive,151.9575,0.8823,39.9609,132.5552,23.3813,0.8656,68.5712,0.6998
Straight Drive,161.5295,0.7076,38.2471,166.6846,58.9598,1.2259,74.7974,0.7688
Pull Shot,115.5701,0.6141,70.9559,103.3304,24.6038,1.2503,7.33,0.2219
Leg Glance,125.6286,0.2413,8.7158,141.8776,32.0154,0.8128,27.3095,0.5085
Straight Drive,149.453,0.7038,21.3274,148.2623,46.699,0.9542,64.8065,0.7516
Cut Shot,112.3633,0.3231,16.596,107.6201,14.8825,1.1077,13.0233,0.1337
Leg Glance,145.3385,0.3344,11.0638,92.4497,33.6567,0.9321,16.2827,0.5526
Pull Shot,119.6671,0.982,62.7624,97.5621,19.2616,0.8519,9.8508,0.0915
Cut Shot,116.1251,0.3575,3.8192,121.0513,16.5549,0.6925,28.5609,0.3439
Cut Shot,87.9049,0.1427,39.461,120.7451,20.3718,0.8358,28.792,0.1046
Straight Drive,149.3292,0.6788,28.9151,164.7856,14.5373,1.2853,80.9025,0.6104
Cut Shot,89.7846,0.1327,18.4172,121.7863,41.7386,0.4924,21.8006,0.057
Leg Glance,99.5679,0.1182,23.2646,113.6407,24.2988,0.8538,44.0413,0.6456
Cover Drive,93.7794,0.5212,52.6816,109.9572,25.4773,0.7974,45.5873,0.5806
Straight Drive,122.1219,0.9406,56.9046,157.175,46.5392,0.4869,72.0731,0.7592
Cover Drive,106.7503,0.7372,42.1511,146.7594,42.3119,1.1737,42.1457,0.6189
Leg Glance,101.6214,0.2798,22.8512,128.2393,43.7708,1.0575,26.9685,0.2449
Cut Shot,83.7177,0.3272,14.5124,127.3823,15.0618,0.5098,8.2506,0.3409
Leg Glance,90.6923,0.4848,36.8276,163.8594,16.5236,1.1894,31.3619,0.5388
Cut Shot,74.1347,0.5659,35.4928,122.7544,26.4323,0.2664,14.5872,0.1342
Cover Drive,139.166,0.6101,17.616,125.5467,34.8758,1.3638,38.798,0.7028
Cover Drive,90.6165,0.8919,53.9626,128.6288,20.743,1.389,35.5439,0.4116
Cut Shot,104.3767,0.5632,25.7788,118.9112,16.9191,0.2788,15.7614,0.0722
Cut Shot,100.6838,0.2647,36.3483,120.3499,16.6046,1.1063,15.7266,0.1833
Cover Drive,131.114,0.3903,42.3975,126.1747,39.9144,1.2635,29.9653,0.7425
Cut Shot,121.7695,0.5524,8.6446,105.3951,21.118,1.1561,25.767,0.1018
Straight Drive,123.5408,0.4918,11.8026,143.977,27.944,0.8558,58.8357,0.6684
Leg Glance,145.5657,0.3326,9.6941,165.1555,39.4656,0.5454,35.8713,0.5563
Cut Shot,93.4784,0.1205,31.8085,134.4148,19.4531,0.3228,5.2461,0.178
Pull Shot,79.3375,0.8152,55.696,88.8494,18.2187,1.4126,14.0271,0.1888
Cut Shot,89.1682,0.1428,15.1877,130.9988,34.5997,0.8431,14.907,0.0889
Straight Drive,126.4017,0.6718,23.0794,138.3737,43.3463,1.0561,72.7447,0.704
Cover Drive,112.9283,0.6409,39.1733,144.5463,28.26,0.4578,26.7701,0.621
Cut Shot,98.1059,0.492,20.1049,104.898,12.884,0.3846,18.5013,0.0765
Straight Drive,143.8327,0.7852,21.9453,148.7596,35.9988,1.1774,92.4622,0.7173
Pull Shot,123.8385,0.8346,27.3577,105.2548,20.5387,1.0666,3.5578,0.0484
Cut Shot,82.0629,0.2934,17.1415,140.3363,31.8926,0.7075,18.4797,0.2396
Pull Shot,107.2779,0.6314,31.796,86.5897,19.6098,1.375,2.7772,0.0892
Cut Shot,115.4672,0.3085,1.3085,137.6284,21.1849,0.4299,8.171,0.0983
Cover Drive,100.0981,0.7319,33.9008,142.8221,49.0494,0.4348,32.1493,0.3916
Cut Shot,103.1349,0.2732,20.9617,96.5505,28.7876,0.4488,28.3141,0.1736
Straight Drive,105.5711,0.8318,40.1313,124.2342,54.7172,1.0364,69.3577,0.7504
Straight Drive,142.824,0.8506,46.4515,117.0907,39.5782,0.8121,81.9006,0.7317
Straight Drive,153.7229,0.617,40.5038,135.874,20.8682,0.7507,79.8832,0.6217
Cut Shot,125.9168,0.4944,10.0422,131.9597,15.0362,0.8203,8.9481,0.2834
Cover Drive,92.1677,0.9436,23.6676,122.203,41.6027,1.1371,37.5995,0.551
Cover Drive,92.4938,0.3881,54.0961,158.9226,46.4108,0.4484,24.3861,0.6104
Cover Drive,116.2815,0.7999,16.4959,128.2545,24.9779,1.3094,39.7483,0.4746
Cut Shot,91.4042,0.5041,21.4606,130.6892,40.4533,0.9291,14.5621,0.0649
Cut Shot,115.2137,0.3178,6.927,107.2653,34.4627,1.0555,25.3702,0.1782
Cut Shot,75.6042,0.2227,10.0263,115.8056,9.0608,0.7199,21.948,0.2501
Leg Glance,110.3434,0.4357,6.8953,136.6344,24.9544,1.0415,51.3736,0.5887
Cut Shot,92.7474,0.2933,9.0077,98.8967,28.4849,1.087,15.1092,0.1859
Cover Drive,130.3152,0.2954,22.6269,149.4045,18.8236,0.792,41.9599,0.6201
Leg Glance,111.6185,0.3662,15.0409,134.6277,27.4015,0.5965,52.9085,0.3
Pull Shot,106.0324,0.9809,51.8815,117.6132,10.3385,1.4966,17.3117,0.1671
Straight Drive,148.531,0.9949,36.2527,135.0479,32.2846,1.2774,86.873,0.5825
Cut Shot,106.0952,0.2073,16.2812,129.9543,31.3666,0.6407,24.0171,0.1521
Cut Shot,81.4258,0.2719,32.8653,146.5269,12.6728,1.2505,19.7159,0.0434
Cut Shot,123.0261,0.523,17.5555,111.1757,36.5358,0.7146,16.3493,0.0569
Leg Glance,136.0125,0.1099,32.5479,111.2765,40.0928,1.0577,13.6496,0.2749
Pull Shot,106.8428,0.6302,40.9627,112.4919,20.5072,1.5374,23.4888,0.3922
Pull Shot,127.8875,1.016,55.0783,92.1564,10.3486,1.4668,13.4332,0.2469
Pull Shot,110.6945,0.9341,58.4454,101.2505,25.687,1.5326,27.8637,0.3756
Cut Shot,77.6765,0.1691,5.0487,140.0283,13.1156,0.6168,27.0264,0.3087
Cover Drive,132.033,0.3818,17.0841,140.6762,41.4092,0.5487,25.889,0.6734
Cover Drive,100.0655,0.6514,51.1131,130.6775,23.6892,1.1051,36.2841,0.4462
Cut Shot,73.7614,0.4583,3.2176,130.061,25.591,0.7559,9.3508,0.3999
Pull Shot,81.9599,0.7916,77.8566,76.8933,23.5112,0.7858,6.8981,0.3172
Pull Shot,97.4913,0.9114,60.294,102.8428,29.2852,0.8016,12.2427,0.1881
Cut Shot,79.3126,0.486,8.9511,150.6166,30.6026,0.8185,15.5139,0.1782
Cut Shot,114.1476,0.4784,32.4153,98.6739,38.1989,0.913,13.8176,0.2315
Cut Shot,87.1237,0.4077,27.194,97.8663,25.5261,0.9923,23.9464,0.3482
Straight Drive,134.9589,0.5617,31.6043,134.6633,21.822,0.9128,80.3913,0.7875
Pull Shot,76.6119,0.6966,20.2058,87.9442,32.1204,0.897,14.5387,0.3241
Cut Shot,63.9244,0.4058,7.56,119.499,41.2763,0.7021,17.1569,0.3807
Cover Drive,98.1287,0.7843,37.3847,167.9063,19.8358,1.0421,32.9017,0.526
Straight Drive,146.1522,0.9741,22.8777,123.2933,21.8704,0.8152,82.1493,0.5338
Pull Shot,119.0246,0.572,26.3648,119.0911,19.9009,0.67,7.8559,0.2386
Cover Drive,90.3013,0.6365,34.0196,124.2818,41.4264,1.502,44.1617,0.6572
Cut Shot,86.921,0.4579,31.1209,124.2265,28.1271,1.0402,13.137,0.2274
Cover Drive,117.3638,0.5223,35.785,155.5984,49.1215,1.2109,36.3862,0.4339
Straight Drive,121.1357,1.0016,43.8988,145.4565,25.6954,0.6824,56.8409,0.8345
Cover Drive,136.9191,0.3917,30.2082,138.7984,23.2007,1.005,18.1257,0.5012
Straight Drive,140.3218,0.9202,49.3836,149.7066,47.5997,0.5946,84.6336,0.6009
Cut Shot,79.4529,0.4164,19.4772,115.3001,29.0477,0.3442,20.2792,0.2732
Pull Shot,127.8696,0.7012,46.4212,98.8962,19.231,1.1455,19.937,0.1269
Pull Shot,103.4314,0.6789,35.2382,117.1431,15.5212,0.7981,9.5586,0.0879
Cover Drive,115.594,0.3471,41.9035,134.548,31.9066,0.3674,27.6728,0.4343
Leg Glance,144.7951,0.3575,19.2418,150.7127,41.7882,1.1345,32.5901,0.2534
Straight Drive,116.4085,0.6684,26.8407,127.5852,36.255,0.8521,79.419,0.6
Cover Drive,119.6836,0.8871,42.9086,116.9964,17.3594,0.9015,19.6896,0.5469
Cut Shot,112.5075,0.2128,17.4199,145.0064,24.1063,0.9216,16.5063,0.2591
Leg Glance,120.2169,0.2536,29.0712,136.1306,46.8698,0.9235,12.0234,0.3253
Straight Drive,116.7635,0.5359,46.6223,155.8436,55.4098,0.9108,88.3309,0.6518
Cover Drive,150.3652,0.5647,27.5664,132.6594,44.6275,1.2586,24.732,0.7116
Leg Glance,102.8595,0.2363,19.8181,101.1218,24.4918,0.6845,37.6078,0.3852
Cut Shot,79.7241,0.2148,14.4457,154.0266,20.1369,0.3303,25.6813,0.1339
Straight Drive,130.0392,0.6308,46.6561,143.5519,44.8386,0.8074,77.5542,0.7163
Leg Glance,137.0157,0.0303,30.9497,142.1953,20.0283,0.6283,28.6463,0.5736
Cover Drive,115.269,0.3706,50.6926,167.4727,13.8864,0.9161,44.2646,0.7483
Straight Drive,127.2336,1.0883,21.9744,140.3596,38.2921,0.8515,65.3434,0.6827
Leg Glance,138.3888,0.1961,22.9058,122.1743,18.1879,0.4146,27.7745,0.4423
Pull Shot,121.602,0.7183,40.9979,131.3215,28.4425,1.3312,23.3464,0.1453
Pull Shot,123.8508,0.8497,48.0156,123.5871,39.0835,0.8174,25.7061,0.1296
Cover Drive,147.9009,0.6767,33.9441,162.6808,33.1817,0.9137,35.1418,0.4878
Straight Drive,131.4748,0.411,43.8592,121.258,56.3416,0.6185,83.0648,0.5386
Pull Shot,112.4387,0.9705,45.7661,109.4857,6.3306,1.1432,2.6113,0.2782
Cut Shot,97.3951,0.1425,5.2748,140.9831,33.4344,0.866,7.6397,0.1729
Straight Drive,151.6455,0.6851,45.2952,165.6096,30.6154,0.7759,83.4982,0.7133
Cover Drive,95.6378,0.7745,24.8174,138.56,45.6293,1.6112,17.993,0.5371
Cut Shot,79.9319,0.3184,35.3597,127.1336,33.8992,0.527,6.3022,0.2782
Cut Shot,87.1532,0.5501,27.3256,93.8463,18.0406,0.4771,14.9522,0.0782
Cut Shot,74.6598,0.2706,14.7344,139.1103,20.1266,0.2393,32.456,0.35
Cut Shot,110.3226,0.5015,5.6537,111.4788,32.9033,0.5563,17.1592,0.3545
Cover Drive,146.7525,0.8041,15.9301,140.1099,40.4902,1.3529,40.2098,0.5338
Cover Drive,121.1024,0.7172,31.0443,148.0443,25.6444,1.1802,47.4115,0.8234
Straight Drive,119.2809,0.579,46.699,170.2209,45.0406,0.9712,64.2542,0.7435
Straight Drive,121.1356,1.0161,30.2713,156.9992,30.6235,1.2673,77.1022,0.5026
Cut Shot,115.9534,0.4636,23.1821,133.4357,18.7722,0.8398,30.0375,0.1657
Straight Drive,137.8727,0.8054,43.9159,124.186,31.454,0.6581,62.4646,0.8007
Straight Drive,113.5865,0.8832,25.0737,162.0495,19.6803,0.4696,74.7977,0.6586
Straight Drive,100.8073,0.8588,27.2668,156.3782,47.0544,1.3731,70.1416,0.6018
Cut Shot,116.6828,0.4674,13.1293,116.2099,34.4551,0.8151,0.0,0.3055
Straight Drive,106.339,0.3962,44.1021,139.6514,14.9106,0.6401,62.2236,0.5814
Pull Shot,112.7869,1.0934,49.0489,112.4755,15.0255,0.9889,20.0486,0.1272
Leg Glance,103.8803,0.0,20.8519,149.2455,44.1298,0.2551,45.6738,0.3907
Cover Drive,108.1447,0.4739,54.0126,121.2803,18.9051,0.4842,24.3862,0.6445
Straight Drive,149.6578,0.8491,39.9473,146.1472,48.1786,0.9689,81.4897,0.7453
Cover Drive,100.0142,0.672,43.2773,136.9858,55.5589,0.5518,40.4222,0.4605
Cut Shot,119.2069,0.3346,17.4658,118.7583,29.7307,0.2132,1.7915,0.2819
Straight Drive,116.5811,0.5037,19.3939,162.3193,36.0235,0.5278,73.0154,0.7496
Straight Drive,104.3412,0.586,34.9855,142.886,41.4875,0.8258,76.2323,0.5498
Leg Glance,140.7318,0.1842,31.3741,140.8033,13.8941,0.8537,20.4903,0.5853
Cut Shot,90.2225,0.4857,34.6593,97.2708,12.3638,1.179,14.1676,0.1885
Pull Shot,80.9278,0.9762,63.1407,123.1602,15.1464,1.1791,27.5708,0.2572
Cut Shot,132.0397,0.175,32.5708,99.1871,28.4433,0.5677,13.1308,0.142
Cover Drive,122.2131,0.8514,25.8607,121.5432,19.4072,0.8543,12.6874,0.7254
Pull Shot,128.7544,0.841,57.7132,111.5139,39.0528,0.6627,2.2257,0.3773
Leg Glance,117.3037,0.1932,32.7228,100.8267,42.1123,0.449,45.716,0.3657
Straight Drive,153.0631,0.8168,20.3781,142.8311,30.0964,1.1169,85.6028,0.7428
Straight Drive,143.2437,0.8478,32.584,126.0935,26.926,1.0569,64.7489,0.5921
Pull Shot,82.2994,0.8976,42.6583,117.0582,30.3441,1.5046,6.2407,0.2807
Pull Shot,99.0996,0.6116,66.4478,116.2104,20.5013,1.6326,8.3916,0.358
Leg Glance,95.8753,0.2579,49.8437,110.2054,30.7862,0.5411,11.2392,0.6485
Cut Shot,87.044,0.0926,7.2921,142.5858,36.9713,1.0435,10.3653,0.3983
Cover Drive,120.9074,0.8328,31.7431,151.2568,45.6966,0.7749,41.9659,0.6205
Cut Shot,126.1367,0.2955,27.0629,92.3128,30.2114,0.6734,25.0242,0.3304
Straight Drive,154.4583,0.7192,24.3121,159.6979,45.6403,0.8978,65.0403,0.5634
Cut Shot,105.7055,0.2399,9.3016,116.5198,21.6282,0.7298,18.6718,0.1458
Straight Drive,136.4062,0.5524,23.7936,139.9974,46.3563,0.4433,73.5811,0.6591
Leg Glance,106.5493,0.2573,15.8825,152.7094,18.7115,1.1709,35.0936,0.6664
Cut Shot,74.5835,0.3565,4.9728,119.7813,33.609,0.5886,9.3126,0.3565
Leg Glance,101.6641,0.354,33.9511,107.3267,45.3079,1.0483,43.0561,0.3624
Straight Drive,128.4736,0.9652,21.4136,143.6465,25.5122,1.2897,69.8792,0.5935
Leg Glance,129.7372,0.2015,24.3839,117.1104,26.9376,0.4837,41.0939,0.4536
Straight Drive,128.9183,0.6621,17.1643,118.6933,41.9082,1.137,80.0178,0.5384
Leg Glance,125.0713,0.2755,12.5859,103.3002,30.0413,0.6805,39.849,0.3792
Straight Drive,165.8184,0.5232,42.0838,136.2495,22.115,0.8733,64.2434,0.8213
Leg Glance,138.7623,0.2671,30.5236,116.4954,19.6205,0.7261,45.8173,0.4357
Cover Drive,147.1786,0.3311,43.4231,133.1988,54.2498,1.2129,46.1959,0.5313
Leg Glance,138.7042,0.0426,38.1787,141.6216,10.4784,0.9934,34.5328,0.4536
Cut Shot,71.7259,0.3839,11.5243,81.2872,20.2707,0.9384,27.5019,0.1656
Straight Drive,129.2367,0.8946,38.8947,145.8801,34.24,1.1961,81.7373,0.8522
Cut Shot,107.4952,0.5108,8.7413,148.0315,15.9858,0.6712,7.6166,0.1582
Pull Shot,109.2045,0.7063,43.7653,111.8459,33.8755,0.5642,0.0,0.1327
Pull Shot,90.0221,0.6947,45.7966,110.8506,34.04,1.1702,10.9823,0.1908
Pull Shot,88.3961,0.6684,26.6495,117.4921,35.1123,0.8332,5.0346,0.3889
Cover Drive,111.237,0.3809,51.1444,151.277,24.9914,1.2786,55.4045,0.5913
Straight Drive,144.3102,0.9778,29.494,121.5049,49.0109,1.2411,74.5863,0.7611
Straight Drive,132.0676,0.6265,33.0808,168.2198,56.4059,0.5984,63.2358,0.7119
Cover Drive,137.5657,0.8272,37.1603,125.5198,20.8802,1.2178,47.2497,0.6769
Cover Drive,98.6741,0.4419,45.3135,158.3574,47.0565,1.344,50.8165,0.6438
Leg Glance,128.8176,0.2897,37.841,164.7817,26.7898,0.9302,40.4824,0.5338
Leg Glance,149.8326,0.2347,16.8192,122.9132,26.1335,0.6303,25.2846,0.5319
Leg Glance,113.8144,0.1393,9.1685,110.1743,29.8451,1.1836,36.4294,0.3691
Cover Drive,130.822,0.8955,36.3852,152.3009,17.7684,0.3496,48.2358,0.6482
Cut Shot,99.831,0.239,33.0721,128.8202,25.9446,0.5776,25.6276,0.3321
Leg Glance,100.4188,0.2546,15.2975,140.5131,23.4872,1.1694,37.2461,0.5161
Pull Shot,127.5285,0.8463,33.9982,96.9502,11.7416,0.7704,11.7078,0.2236
Pull Shot,114.932,0.6713,65.8977,129.25,33.2592,1.5012,15.8186,0.352
Cover Drive,149.4837,0.4109,32.4674,140.9816,45.1446,0.7398,39.3959,0.6602
Cut Shot,80.8235,0.3609,22.0118,103.5013,18.3872,0.7694,28.3627,0.0615
Pull Shot,122.9697,0.7005,49.9403,113.4538,19.7559,0.9729,15.1677,0.2201
Leg Glance,125.8629,0.2021,29.1197,103.3578,14.7174,0.4376,32.0735,0.407
Pull Shot,86.6925,0.6635,31.2285,125.3389,17.3529,1.1518,13.2142,0.312
Straight Drive,158.0518,0.6698,46.1868,142.6638,24.3718,1.3369,82.3127,0.8
Cover Drive,113.3384,0.7667,55.8965,125.2757,23.8659,0.8823,36.0412,0.5748
Pull Shot,108.2342,0.9486,38.5976,110.5118,21.3694,0.5898,17.7625,0.0814
Leg Glance,106.491,0.3488,20.2575,145.9514,36.1783,0.6152,38.3004,0.3597
Pull Shot,77.99,0.7995,29.279,85.228,17.8455,0.5307,20.0671,0.1555
Cut Shot,106.5028,0.1832,33.776,109.5378,32.1118,0.8693,2.4531,0.2693
Straight Drive,110.4927,0.913,32.7863,152.7095,20.4644,0.6728,64.6007,0.7468
Cut Shot,102.0989,0.2021,14.5747,129.4101,39.406,0.6138,16.7172,0.3254
Pull Shot,69.7865,0.8786,37.4178,96.8283,15.3398,1.1033,5.6531,0.1159
Straight Drive,163.0843,0.7618,24.5277,160.0437,35.2287,1.0017,60.7875,0.7851
Leg Glance,98.0108,0.0781,12.3758,128.1387,25.8773,0.336,37.1888,0.5893
Cover Drive,133.0437,0.3713,23.1041,147.9789,19.3142,1.1177,24.9648,0.5097
Leg Glance,129.8919,0.1339,33.7342,91.6801,17.3558,0.8076,41.6176,0.5983
Leg Glance,107.1912,0.0395,3.8584,143.4206,25.0299,0.9665,30.7757,0.7057
Pull Shot,109.9915,0.8776,57.1373,92.4889,32.4068,1.4652,28.814,0.3384
Pull Shot,107.437,0.6432,39.9221,85.1191,13.4612,1.1802,20.5784,0.1356
Straight Drive,118.3686,0.6149,27.1729,112.6616,43.6324,1.2818,56.9599,0.667
Pull Shot,129.2431,1.0356,54.0477,110.6335,9.5713,1.4204,12.3212,0.0799
Cut Shot,67.9223,0.501,26.844,102.4371,8.1304,0.9244,17.6797,0.2321
Pull Shot,130.6368,0.9259,38.3551,118.8584,8.5952,1.3114,28.2428,0.13
Straight Drive,124.9449,0.5291,25.9484,127.722,37.652,0.9041,85.3385,0.6172
Straight Drive,101.0379,0.824,37.3418,162.3928,53.8222,0.9536,87.1299,0.6158
Pull Shot,116.7242,0.684,47.0157,81.2646,15.5093,0.9036,12.6359,0.2725
Cover Drive,146.2746,0.7273,28.3805,165.1093,25.2387,1.5524,61.0724,0.682
Pull Shot,91.622,0.6498,66.5345,109.2192,21.9282,1.2262,4.7857,0.0727
Leg Glance,123.7927,0.1448,41.9005,152.3952,41.348,0.7758,18.4674,0.4274
Cover Drive,100.2077,0.8566,40.9672,143.5208,37.1161,0.8736,17.6155,0.3637
Leg Glance,98.9032,0.1489,29.7124,106.8308,13.3366,0.6879,30.4282,0.5411
Pull Shot,92.405,0.9305,62.0338,99.473,14.0111,1.3346,25.626,0.1662
Leg Glance,127.1412,0.4418,32.4401,151.4312,7.7554,1.05,33.663,0.589
Straight Drive,116.6705,0.7768,52.2729,150.7549,46.5798,1.0879,81.6681,0.7762
Straight Drive,111.3622,0.6988,31.4641,178.0875,19.5012,1.1495,70.0217,0.6915
Cut Shot,118.5264,0.432,32.6064,102.6265,32.1749,0.8827,20.3029,0.2692
Leg Glance,115.0265,0.3142,22.6267,139.182,33.4512,0.3849,25.2224,0.4788
Straight Drive,129.7001,0.6209,41.342,129.5976,57.6911,1.0089,84.7627,0.8638
Cover Drive,141.9277,0.3927,22.7463,136.7709,39.4229,0.5739,46.3224,0.5445
Cut Shot,128.1648,0.2254,20.7784,118.4887,11.1517,0.3825,8.1348,0.1002
Cut Shot,121.1463,0.325,17.2976,110.9615,16.9947,0.9958,16.9403,0.1004
Pull Shot,76.6485,1.0232,46.1629,115.7445,37.331,1.5219,14.4565,0.2587
Pull Shot,74.0376,0.9899,55.7245,109.3154,24.3088,1.2104,22.8266,0.0247
Cover Drive,128.8062,0.4204,47.5248,162.2191,50.1205,0.3416,18.5359,0.5657
Pull Shot,101.6982,0.9843,45.6493,84.3778,25.7439,1.3063,24.1482,0.0219
Cover Drive,122.2877,0.3076,30.195,127.6888,34.9793,1.427,55.3254,0.5429
Cut Shot,93.7958,0.3279,26.3395,107.1677,30.2091,0.4943,19.6913,0.329
Cover Drive,130.9113,0.8382,42.7615,163.7368,44.6378,0.7204,19.2232,0.5004
Cover Drive,117.6464,0.4116,59.1703,127.54,26.6422,0.5857,55.6876,0.5553
Cover Drive,130.1908,0.346,17.9466,107.3637,40.3647,0.7606,38.7999,0.7005
Cut Shot,112.6912,0.2205,14.4766,133.6494,14.7721,0.5056,0.0,0.2749
Pull Shot,115.0916,1.0532,31.8117,125.807,21.0434,1.3339,10.5058,0.3815
Leg Glance,147.6616,0.0708,30.0539,130.6718,29.7067,0.8786,30.4439,0.4371
Leg Glance,128.05,0.0633,38.6409,105.8552,35.6812,0.3513,30.754,0.3919
Leg Glance,132.1823,0.2433,23.0609,118.7482,18.86,1.0363,27.1288,0.4542
Straight Drive,107.2959,0.8787,44.56,123.6519,23.109,0.8913,80.2028,0.6137
Leg Glance,107.8895,0.3638,44.2993,110.1077,26.137,1.0797,52.1559,0.3348
Straight Drive,153.8753,0.8351,33.163,136.4672,22.3101,0.5801,71.0862,0.5537
Cut Shot,128.2787,0.3777,30.6824,137.4271,9.1035,0.8522,0.0774,0.1798
Leg Glance,125.0163,0.318,13.6937,93.6975,18.5948,1.0277,41.6983,0.4866
Straight Drive,148.2927,1.0312,43.6293,130.9227,36.1247,1.1338,57.5397,0.6903
Leg Glance,105.9464,0.2143,20.8517,147.7981,14.3785,0.6769,12.4018,0.4462
Cut Shot,92.134,0.1707,16.2886,111.845,13.261,0.5181,19.0632,0.2957
Leg Glance,136.1411,0.0657,26.192,148.0838,37.7363,0.8594,17.289,0.4982
Pull Shot,96.7538,0.9197,62.8489,109.4481,43.0545,0.7962,29.2404,0.2103
Cut Shot,115.0684,0.1366,24.9217,140.6548,13.9325,0.9486,22.0913,0.3048
Cover Drive,121.2536,0.7941,41.9189,162.3147,45.0789,0.9499,28.0171,0.6444
Pull Shot,83.5858,0.9172,66.2553,79.9984,29.3344,0.6493,21.3237,0.3204
Cut Shot,130.8141,0.5015,21.5844,139.4531,16.0939,0.7127,14.6644,0.1944
Leg Glance,123.6148,0.4356,25.8076,141.1043,37.2034,0.7013,42.9237,0.38
Leg Glance,133.7907,0.1585,4.0295,130.4855,21.6151,1.0408,19.9009,0.5064
Straight Drive,117.3333,0.7015,31.0593,167.225,39.9847,0.9672,60.7196,0.8155
Straight Drive,106.9279,0.8624,23.1351,165.1091,34.7013,0.4984,65.3235,0.6191
Leg Glance,126.0944,0.1725,18.5217,108.4572,37.689,0.8734,22.7625,0.508
Pull Shot,97.4764,0.9391,24.78,102.5992,38.4494,1.7012,18.5066,0.2582
Cut Shot,87.9737,0.4134,16.5104,147.6955,18.3344,0.9656,5.3607,0.168
Straight Drive,154.5556,0.7262,22.2629,129.6221,41.9128,1.3855,67.3452,0.6362
Leg Glance,146.5995,0.399,11.351,133.9346,36.8297,0.6608,44.9299,0.533
Pull Shot,111.6261,0.8338,72.8709,98.5164,7.8501,0.4364,27.0986,0.1373
Cut Shot,86.9182,0.4952,27.9323,131.0763,36.2418,0.3635,14.4365,0.1165
Cut Shot,72.0792,0.3175,11.6343,109.9155,20.1409,0.8251,2.4274,0.1156
Leg Glance,121.3904,0.0442,8.837,111.2395,14.6856,1.0843,17.9084,0.3253
Cover Drive,97.2101,0.8247,15.1195,115.5808,42.5095,0.8602,27.368,0.6086
Cut Shot,127.1784,0.4474,38.1332,88.3757,29.4302,0.7619,5.6043,0.3258
Leg Glance,145.3491,0.3368,15.9114,120.0185,19.1116,0.8754,30.1023,0.36
Leg Glance,107.7515,0.3212,24.91,108.4005,42.6809,0.6697,30.1148,0.438
Cut Shot,112.6611,0.4873,4.095,103.4575,34.6892,0.7033,9.6662,0.0779
Leg Glance,87.6176,0.3639,47.8811,165.233,19.8323,0.9387,28.9692,0.6233
Leg Glance,125.6582,0.3189,34.6942,126.6265,38.5562,0.1833,16.0588,0.3743
Cut Shot,117.1487,0.394,20.425,118.8654,11.7516,0.8165,8.7892,0.3393
Straight Drive,117.2889,0.9961,33.9725,133.2224,52.6007,1.2713,71.6326,0.7142
Straight Drive,156.8911,0.6922,19.4994,136.5338,46.4067,0.6893,79.9517,0.6946
Leg Glance,131.7827,0.2121,20.2783,151.7718,17.8854,0.8921,24.3222,0.4041
Leg Glance,121.8475,0.1772,33.6324,124.5392,28.6958,1.0354,42.5642,0.3588
Leg Glance,109.8939,0.3596,45.2494,113.8088,39.8515,0.774,36.6773,0.5045
Pull Shot,105.7314,0.9242,60.3339,101.888,35.4513,1.4712,0.0,0.1645
Leg Glance,95.8808,0.0358,28.2005,150.5972,18.7884,0.3413,19.3967,0.4642
Pull Shot,75.9513,0.621,61.8246,79.6306,10.2998,0.9922,7.6666,0.3796
Leg Glance,127.4619,0.0,24.3277,93.8838,42.9635,0.5641,22.3102,0.2185
Leg Glance,103.5881,0.4205,38.6027,118.8768,24.1573,0.613,56.2157,0.4709
Leg Glance,93.093,0.1219,30.8755,134.0925,20.0864,1.0986,21.1912,0.4324
Straight Drive,134.2952,0.9267,27.612,126.3694,52.8227,1.1168,67.8371,0.6425
Straight Drive,107.8107,0.9298,24.6863,171.3107,45.5443,0.4687,76.9427,0.6241
Leg Glance,98.943,0.1626,25.5319,107.2971,27.1768,1.0717,36.0348,0.6105
Cut Shot,121.5469,0.3383,13.5626,123.1778,8.1056,0.3863,24.7395,0.3048
Cut Shot,84.5615,0.2318,26.0377,93.7981,18.7845,1.0277,25.6996,0.1396
Straight Drive,124.2998,0.7677,44.7758,122.4532,51.5356,1.2122,73.9095,0.6332
Leg Glance,108.5584,0.1008,42.013,165.9044,19.694,1.0388,15.6938,0.2913
Straight Drive,126.8478,1.0271,35.7053,135.2689,25.0849,0.6266,86.9053,0.7239
Straight Drive,110.6258,0.7582,34.8257,124.5457,28.6118,1.2339,67.5069,0.718
Straight Drive,108.4073,0.4703,51.7906,142.5206,21.9024,0.3801,67.2837,0.7534
Pull Shot,93.843,1.0296,44.7019,94.8143,12.872,0.708,12.6779,0.3402
Leg Glance,148.4791,0.2233,24.7743,137.6696,31.5783,1.0843,29.6195,0.4118
Cut Shot,108.3641,0.1352,24.463,112.4183,32.6277,0.994,25.3647,0.1136
Straight Drive,131.3522,0.8698,43.9854,124.0819,32.6739,0.9602,59.8194,0.7732
Cut Shot,97.3523,0.4755,38.6557,113.5271,40.3546,0.6741,28.2177,0.2091
Cover Drive,120.3755,0.8009,44.251,126.9333,48.4509,0.6825,24.7837,0.5219
Leg Glance,101.0049,0.2622,24.4884,128.2105,17.6323,0.9119,18.1279,0.5198
Straight Drive,133.5672,0.7126,17.2999,116.6234,34.5021,1.5418,62.399,0.5333
Straight Drive,106.3943,0.5373,17.2854,158.9927,53.0519,0.8603,83.0388,0.847
Straight Drive,137.3756,0.6863,34.1689,177.2021,40.2881,0.6887,74.8322,0.4764
Leg Glance,100.2609,0.1987,44.1386,143.1347,9.2025,1.0319,32.654,0.5986
Pull Shot,105.0755,0.9193,35.6792,81.6177,20.9667,0.8914,2.3744,0.018
Cover Drive,140.2132,0.533,36.193,119.1968,27.9509,0.5988,21.5253,0.491
Cut Shot,108.1507,0.4571,9.0789,131.7956,16.9202,0.2135,14.5233,0.0214
Cover Drive,145.9138,0.5408,39.6791,153.3178,30.4917,1.4384,45.8769,0.5836
Straight Drive,142.0644,0.8657,33.8943,119.6106,46.7803,0.669,63.1378,0.664
Cut Shot,114.64,0.2594,16.1158,133.9413,33.6588,1.1651,8.5065,0.2422
Leg Glance,121.4461,0.2907,22.384,121.1658,27.981,0.5788,47.4192,0.4644
Pull Shot,94.1366,1.1005,64.6224,102.5733,11.9997,1.6849,7.0649,0.0808
Cut Shot,88.8281,0.4462,40.6564,121.0504,35.6889,1.0524,24.9462,0.3668
Cover Drive,145.391,0.3602,37.783,138.42,29.5768,0.4145,21.9501,0.5087
Cover Drive,137.9363,0.8003,22.2008,144.4206,29.3633,0.9658,60.0837,0.5924
Straight Drive,145.977,0.7614,27.8839,163.3356,21.7586,1.1913,79.2487,0.6071
Cut Shot,113.8662,0.2222,25.9198,120.4455,39.1905,0.3213,24.5523,0.3445
Cover Drive,128.3311,0.6413,54.0481,138.0741,50.3865,0.6764,52.3877,0.6423
Straight Drive,123.5473,0.9134,26.5465,127.1636,55.9586,0.5689,71.3509,0.7612
Straight Drive,136.33,0.6232,33.3039,134.6619,19.758,0.9918,56.4126,0.8352
Cut Shot,104.2181,0.4004,9.8022,119.5429,39.9019,1.0278,23.8924,0.3306
Straight Drive,114.0874,0.5474,54.4066,110.6161,47.6051,1.1343,73.0225,0.6965
Leg Glance,113.6547,0.1862,20.0508,109.5286,18.6215,1.2862,11.969,0.4565
Straight Drive,110.8784,0.9368,51.5013,153.0385,56.7266,0.5626,79.5753,0.5573
Cut Shot,86.3025,0.211,29.8191,115.7857,27.0928,0.522,15.4638,0.4239
Leg Glance,152.4857,0.3708,25.4285,143.0761,31.0278,0.9892,40.4447,0.4153
Straight Drive,164.3767,0.7263,27.594,111.6835,29.357,1.3593,76.1078,0.6898
Pull Shot,107.2838,0.7698,35.073,115.5244,34.4124,0.9268,18.9466,0.2049
Straight Drive,146.6659,0.5117,26.8801,158.4563,45.7406,1.0356,71.4592,0.6544
Pull Shot,90.2731,1.0418,45.6561,72.5934,14.2097,0.8698,18.403,0.2503
Cut Shot,98.5946,0.1582,17.3754,99.538,19.4862,0.4898,0.0,0.2749
Leg Glance,151.9928,0.2307,31.5862,126.9961,38.3557,0.8368,21.7226,0.3894
Straight Drive,120.8704,0.7488,36.5889,154.8927,32.5338,0.6079,77.002,0.64
Cover Drive,145.8609,0.4815,38.1556,142.5158,26.4304,0.8395,51.2035,0.5022
Cut Shot,106.9313,0.3355,32.6437,100.8478,10.5979,0.9385,15.8436,0.3006
Pull Shot,127.0374,1.0311,46.9477,94.8189,17.4285,0.5978,9.6824,0.2521
Cover Drive,129.5973,0.7831,25.0965,139.2435,35.6991,1.1346,34.557,0.3603
Pull Shot,104.6192,0.8517,51.277,82.0996,34.0192,0.8774,11.8316,0.142
Pull Shot,69.3093,0.9397,61.0115,86.7273,29.0033,1.5818,19.1934,0.2036
Pull Shot,77.793,0.6773,49.8092,122.1483,18.3283,1.3771,7.7794,0.2406
Leg Glance,102.9378,0.1594,12.3958,125.187,35.3471,0.6667,42.9742,0.2883
Cover Drive,88.0521,0.4909,24.9163,122.8308,28.9558,0.7001,48.4592,0.4303
Pull Shot,133.2826,0.9949,65.7627,109.7646,22.4982,0.858,24.0549,0.2109
Cover Drive,152.784,0.5623,24.4179,148.0081,35.417,0.4751,44.7099,0.6461
Leg Glance,104.2322,0.187,38.5407,101.8976,21.0077,1.2131,18.0935,0.6903
Cover Drive,138.69,0.4594,26.0852,158.757,55.3753,0.6953,49.647,0.5945
Straight Drive,158.527,0.7142,43.2689,135.6072,41.9082,1.2685,51.1709,0.6378
Leg Glance,99.212,0.1626,20.7489,153.198,36.246,1.0961,36.7804,0.6758
Cut Shot,103.186,0.2642,32.6278,104.9711,25.7394,0.7988,22.0395,0.3322
Leg Glance,127.1371,0.1264,24.5399,109.4309,29.5764,0.3488,35.9899,0.4015
Straight Drive,155.4739,0.4588,44.9719,119.2003,26.6669,1.201,66.2239,0.8312
Pull Shot,76.229,0.8186,44.2947,88.1141,25.0871,0.7939,26.3464,0.293
Cut Shot,89.7131,0.481,18.7607,109.9437,14.7047,0.8065,25.0795,0.1338
Leg Glance,112.0945,0.3935,28.3061,140.994,46.8071,1.1282,44.3651,0.5257
Straight Drive,144.898,0.893,46.6588,139.0915,31.2778,1.2604,90.4721,0.8134
Cover Drive,99.3124,0.7311,9.6166,113.8641,46.2901,1.1399,28.7716,0.5128
Pull Shot,86.9108,0.5882,40.3971,101.1834,23.1751,0.9495,21.6591,0.2306
Cut Shot,122.406,0.3029,10.1395,90.1687,28.5923,0.7539,16.3492,0.3644
Cover Drive,133.1378,0.6055,45.0225,168.2343,52.9146,0.8027,47.4744,0.6526
Cover Drive,153.4128,0.3616,23.6917,111.9718,40.1586,1.337,39.971,0.6415
Pull Shot,126.8748,0.7281,70.3308,106.4041,14.7849,0.8387,2.6482,0.317
Cut Shot,119.566,0.4968,24.4738,98.4959,44.4633,0.8218,8.4716,0.1978
Pull Shot,132.9256,1.1065,68.6421,82.1558,35.5573,1.5454,19.4049,0.1567
Cut Shot,123.5121,0.1779,32.65,135.8677,37.7373,0.8515,4.9133,0.0543
Cut Shot,104.3001,0.2662,33.5424,114.779,27.6965,0.4988,12.9941,0.0827
Cut Shot,116.4131,0.187,21.5355,140.6469,39.758,0.596,17.6326,0.11
Cover Drive,103.9787,0.6376,42.3566,115.4268,21.815,1.2454,51.7116,0.4543
Straight Drive,124.7113,0.6254,48.2776,146.1696,22.0292,1.2092,86.3056,0.6804
Pull Shot,67.9042,0.9111,68.297,125.2152,13.6187,0.6395,25.881,0.1145
Cut Shot,88.2587,0.3816,15.7212,134.5237,37.0132,0.5783,24.2971,0.0377
Leg Glance,134.4915,0.1015,15.7098,137.5257,26.0821,0.8063,35.3274,0.4438
Cover Drive,104.5388,0.6845,35.9939,114.7509,34.2489,0.7993,51.835,0.4723
Cut Shot,117.5049,0.5096,22.717,136.6011,19.2966,0.2451,13.0341,0.1811
Pull Shot,125.7335,0.9499,38.8446,84.0831,20.9973,0.812,14.7171,0.2123
Cut Shot,112.738,0.1332,2.8657,139.5428,19.1354,0.2977,23.5734,0.3242
Pull Shot,113.4267,0.5731,29.5895,106.2963,28.0603,1.1202,17.8585,0.3131
Cover Drive,131.6314,0.5181,20.014,143.7211,23.7828,1.0336,44.8859,0.7335
Cover Drive,107.6148,0.5053,37.3452,149.0935,37.2891,1.496,54.512,0.8032
Leg Glance,98.3077,0.2758,31.8553,104.3954,19.9521,0.6574,33.5303,0.3959
Straight Drive,160.9677,0.8067,31.8819,137.6804,49.185,0.4174,61.9708,0.827
Straight Drive,150.72,0.601,48.6619,141.0438,21.1206,0.8469,84.7064,0.6726
Cut Shot,129.5085,0.4642,35.6928,113.6827,36.1499,0.3781,4.8449,0.1546
Leg Glance,142.7571,0.1035,16.4291,154.6102,26.9075,0.4491,38.1676,0.5519
Cut Shot,91.1693,0.1868,10.8792,148.0122,38.0428,0.4307,31.3225,0.2904
Straight Drive,146.1765,0.9045,19.7405,149.6474,15.5124,0.6558,66.7943,0.6556
Cut Shot,69.0294,0.2644,35.7204,102.6637,34.8858,0.1536,10.3076,0.3343
Leg Glance,116.1188,0.2995,11.2889,146.8964,24.4951,1.0296,38.6327,0.6159
Pull Shot,110.0007,0.8467,67.7374,113.8756,24.6937,0.5875,4.2699,0.2703
Pull Shot,91.829,0.8155,46.5623,81.068,34.8821,0.7165,13.1936,0.1648
Cover Drive,99.5174,0.2485,23.9885,125.8211,13.3052,1.3527,43.4008,0.6752
Cut Shot,76.7376,0.319,32.182,92.2602,25.1661,0.7863,28.2181,0.041
Straight Drive,141.8825,0.931,53.58,150.3873,23.0727,0.9501,73.1463,0.6379
Leg Glance,124.938,0.238,31.7811,123.7325,18.195,0.7144,43.2451,0.3583
Leg Glance,139.6594,0.3685,35.8095,113.7728,26.2159,0.727,47.9864,0.3566
Pull Shot,85.3033,0.8906,30.2479,129.9377,24.4171,0.4618,24.4895,0.211
Leg Glance,108.3194,0.1466,25.6072,123.8705,28.3031,0.931,18.6044,0.401
Straight Drive,130.832,0.8218,46.7036,161.4321,31.6762,1.4225,62.3423,0.7725
Straight Drive,121.9525,0.767,24.6873,121.0056,45.4648,1.3211,78.7555,0.7578
Pull Shot,110.5517,0.777,69.873,116.3688,43.4444,0.4413,17.174,0.0445
Cover Drive,112.2147,0.7846,44.6824,141.4312,49.426,0.8026,43.9819,0.6406
Pull Shot,114.357,0.8593,49.4861,86.7188,15.9906,1.1349,24.5782,0.2115
Pull Shot,115.2106,0.9892,50.3565,99.6924,33.988,1.369,17.808,0.1032
Cut Shot,99.8151,0.2192,14.4939,137.9864,17.6144,1.1263,15.4332,0.353
Straight Drive,131.2078,0.5416,28.2557,149.8568,28.159,1.3366,61.5181,0.8303
Leg Glance,134.6591,0.358,21.0976,132.7463,28.9404,1.0963,49.2027,0.3524
Pull Shot,98.0268,0.807,56.8992,93.8638,41.5516,0.8158,35.1877,0.3395
Straight Drive,145.0598,0.8891,44.8711,129.8645,26.0868,1.1833,60.185,0.5573
Pull Shot,73.6817,1.0112,27.9363,76.8796,26.3358,1.4998,20.2031,0.2747
Cut Shot,112.3379,0.4923,13.162,96.4762,27.1331,0.9759,11.6005,0.1606
Leg Glance,134.0211,0.2791,18.32,99.7966,21.7984,0.3665,38.6673,0.5536
Straight Drive,136.9739,1.0106,25.2349,123.0536,49.772,1.4214,55.1128,0.7211
Leg Glance,128.3704,0.1802,7.9611,158.9991,10.996,1.0717,24.2484,0.4577
Pull Shot,105.414,0.7893,38.1749,111.4807,33.4065,0.9652,9.3108,0.1278
Cover Drive,150.1672,0.6481,47.2222,156.3602,36.8637,0.7334,26.2284,0.5887
Straight Drive,119.0696,0.7455,46.5288,153.9141,46.1565,0.9557,81.8001,0.7515
Cover Drive,115.1598,0.5257,31.2677,166.967,39.2989,1.3512,48.5181,0.5231
Pull Shot,122.3399,1.0224,34.4776,105.7068,32.9527,0.6999,12.4625,0.3373
Cut Shot,94.8863,0.4448,30.369,116.2719,6.4672,0.3578,16.1612,0.2386
Straight Drive,114.5027,0.6323,21.6913,146.6745,46.7668,1.2853,66.5609,0.6354
Pull Shot,90.9581,0.7864,39.4191,87.6079,20.7383,1.6863,7.9659,0.1579
Straight Drive,121.8619,0.8498,53.4527,110.8008,33.1486,0.6702,88.413,0.8057
Cut Shot,94.4865,0.3915,23.4668,109.4447,34.7849,0.6929,17.7397,0.135
Cover Drive,142.9388,0.8439,31.7146,103.3473,37.6998,0.756,18.1558,0.5139
Straight Drive,112.5893,0.9629,30.5448,129.8464,27.6652,1.1875,64.4673,0.6781
Cut Shot,106.8944,0.2258,30.9087,111.0585,16.2882,0.83,13.8024,0.3019
Pull Shot,137.1002,0.8986,39.2393,118.4299,19.9368,0.8133,16.2212,0.1044
Cover Drive,149.7358,0.6881,41.736,112.9036,19.738,1.0823,39.2293,0.6839
Cover Drive,89.098,0.3177,18.7435,164.902,42.297,0.4953,47.4856,0.5028
Cut Shot,131.0196,0.4384,20.4895,128.8916,7.6883,0.9907,25.5759,0.2871
Pull Shot,81.0082,0.6661,53.8368,96.3122,7.2133,0.5661,5.8149,0.2781
Cut Shot,115.3212,0.5483,5.3253,103.4928,28.7602,0.6752,15.1165,0.1168
Leg Glance,110.6284,0.3027,20.1398,146.5588,15.6,0.5147,30.1031,0.4493
Straight Drive,108.2028,0.7622,30.5431,167.1066,25.6972,0.9449,63.813,0.8083
Straight Drive,152.6469,0.5504,30.3092,150.7099,29.3868,0.8167,75.6085,0.6992
Leg Glance,145.1214,0.2181,23.1182,158.9226,17.3967,1.0357,23.0077,0.425
Pull Shot,80.7882,0.7391,43.637,123.564,21.0776,0.6812,11.8813,0.3267
Cut Shot,76.12,0.4308,19.1558,132.8492,28.7537,1.0243,22.8587,0.2502
Leg Glance,98.3058,0.1239,5.4841,101.8422,15.6704,0.4687,33.4592,0.519
Cover Drive,139.9871,0.6338,36.3084,127.1295,34.8396,0.6922,23.1902,0.4789
Straight Drive,140.3161,0.7274,39.3461,153.7846,48.3462,1.1406,92.359,0.6657
Pull Shot,119.8781,1.0025,54.6891,117.6176,11.5973,0.5045,8.4354,0.3534
Leg Glance,129.0434,0.1932,37.5727,125.3569,26.674,0.5602,24.85,0.5818
Cover Drive,98.7346,0.6795,7.8903,152.2766,24.3127,1.2009,43.1771,0.6614
Leg Glance,120.5344,0.1194,25.258,134.8318,16.7884,0.3535,51.0951,0.6794
Cover Drive,90.8616,0.7259,27.0858,163.8093,25.234,1.3101,21.779,0.5437
Pull Shot,115.8398,1.0109,28.9189,111.8321,27.6568,0.6446,25.502,0.1387
Leg Glance,119.7471,0.264,28.1789,129.7281,30.0258,0.624,45.21,0.6641
Cut Shot,70.5362,0.3265,15.3238,99.7166,22.189,1.1101,18.8941,0.1386
Cut Shot,82.3773,0.4283,21.4676,101.918,18.3826,0.6458,10.8133,0.0169
Leg Glance,111.4923,0.1375,18.5752,128.3693,24.7684,1.0855,32.0797,0.3895
Cut Shot,96.4952,0.5351,18.409,115.2618,24.5255,0.7978,15.5198,0.2244
